Locus,Name,Chrom,Start,End,Length,Reads,DistinctSequences,FracTop,Strand,MajorRNA,MajorRNAReads,Short,Long,21,22,23,24,DicerCall,MIRNA,known_miRNAs,given_miRNA_name,SharedSequence,Notes
Pocillopora_meandrina_HIv1___Sc0000000:20372416-20372510,Cluster_356,Pocillopora_meandrina_HIv1___Sc0000000,20372416,20372510,95,522228,378,0,-,UCAAGUCUAGGCUGGUUAGUUU,361684,1294,19,20216,498308,2255,136,22,Y,spi-mir-temp-15_Stylophora_pistillata_Liew_et_al._2014_NA;spi-miR-L-temp-15_Stylophora_pistillata_Praher_et_al._2021_NA,ptuh-mir-novel-32,,
Pocillopora_meandrina_HIv1___Sc0000001:19145766-19145858,Cluster_751,Pocillopora_meandrina_HIv1___Sc0000001,19145766,19145858,93,6322,255,1, + ,CGCUCUUAAAAUCUCCUAGCUAU,1605,1316,82,585,1212,2501,626,N,Y,NA,ptuh-mir-novel-1,NA,
Pocillopora_meandrina_HIv1___Sc0000002:16106559-16106650,Cluster_1069,Pocillopora_meandrina_HIv1___Sc0000002,16106559,16106650,92,2969,94,1, + ,UGUUAUUUUUAUCGUCCAUUAGU,1172,1055,9,61,209,1607,28,N,Y,NA,ptuh-mir-novel-2,NA,
Pocillopora_meandrina_HIv1___Sc0000002:15749261-15749351,Cluster_1056,Pocillopora_meandrina_HIv1___Sc0000002,15749261,15749351,91,267,31,1, + ,ACGCUAGGAAGGGAUGCCGGGA,162,9,4,32,201,19,2,22,Y,NA,ptuh-mir-novel-7,apul-mir-novel-7,
Pocillopora_meandrina_HIv1___Sc0000005:11261356-11261449,Cluster_1941,Pocillopora_meandrina_HIv1___Sc0000005,11261356,11261449,94,11362,284,1, + ,UAUGCCAGGUCCUAACUUGAAA,3074,2519,37,1892,4118,2298,498,N,Y,NA,ptuh-mir-novel-3,NA,
Pocillopora_meandrina_HIv1___Sc0000005:11260734-11260823,Cluster_1940,Pocillopora_meandrina_HIv1___Sc0000005,11260734,11260823,90,30957,390,1, + ,UCAGGUUAGGAGCAUGGUAUAGA,11353,11059,138,1180,4463,13443,674,N,Y,NA,ptuh-mir-novel-4,NA,
Pocillopora_meandrina_HIv1___Sc0000002:10845722-10845816,Cluster_1002,Pocillopora_meandrina_HIv1___Sc0000002,10845722,10845816,95,12003,340,0.008997750562,-,UUGCCGUUAACCCAAAACCUUCA,4844,286,129,442,5105,5860,181,23,Y,NA,ptuh-mir-novel-5,NA,
Pocillopora_meandrina_HIv1___Sc0000005:10385497-10385597,Cluster_1922,Pocillopora_meandrina_HIv1___Sc0000005,10385497,10385597,101,58190,312,0.9999828149, + ,UCAGGGAUUGUGGUGAGUUAGUU,21926,10279,126,1422,10174,32234,3955,23,Y,spi-mir-temp-3_Stylophora_pistillata_Liew_et_al._2014_NA,ptuh-mir-novel-6,NA,
Pocillopora_meandrina_HIv1___Sc0000003:10366033-10366130,Cluster_1279,Pocillopora_meandrina_HIv1___Sc0000003,10366033,10366130,98,858857,595,0.9999708915, + ,ACCCGUAGAUCCGAACUUGU,302900,453621,35,21036,380606,3365,194,N,Y,hsa-miR-100-5p;mmu-miR-100-5p;rno-miR-100-5p;gga-miR-100-5p;aga-miR-100;dre-miR-100-5p;ggo-miR-100;age-miR-100;ppa-miR-100;ppy-miR-100;ptr-miR-100;mml-miR-100-5p;sla-miR-100;lla-miR-100;fru-miR-100;tni-miR-100;xtr-miR-100;mdo-miR-100-5p;ame-miR-100-5p;oan-miR-100-5p;tca-miR-100-5p;bta-miR-100;lgi-miR-100;sko-miR-100;bmo-miR-100;eca-miR-100;ssc-miR-100;bma-miR-100b;aae-miR-100;cqu-miR-100-5p;tgu-miR-100-5p;nvi-miR-100;pma-miR-100a-5p;aca-miR-100;ola-miR-100;sha-miR-100;cgr-miR-100-5p;mse-miR-100;ccr-miR-100;ipu-miR-100;pmi-miR-100-5p;bbe-miR-100-5p;ssa-miR-100a-5p;cpi-miR-100-5p;ami-miR-100-5p;cli-miR-100-5p;pbv-miR-100-5p;chi-miR-100-5p;tch-miR-100-5p;pal-miR-100-5p;tcf-miR-100;abu-miR-100;mze-miR-100;nbr-miR-100;oni-miR-100;pny-miR-100;gmo-miR-100a-5p;pte-miR-100b-5p;xla-miR-100-5p;cpo-miR-100-5p;dno-miR-100-5p;ocu-miR-100-5p;mmr-miR-100;dma-miR-100;cja-miR-100;sbo-miR-100;pha-miR-100;nle-miR-100;oga-miR-100;dqu-miR-100-5p;pca-miR-100-5p;eca-nve-F-miR-100_Edwardsiella_carnea_Praher_et_al._2021_Transcriptome-level;mse-nve-F-miR-100_Metridium_senile_Praher_et_al._2021_Transcriptome-level;sca-nve-F-miR-100_Scolanthus_callimorphus_Praher_et_al._2021_Transcriptome-level;epa-nve-F-miR-100_Exaiptasia_pallida_Praher_et_al._2021_NA;spi-mir-temp-1_Stylophora_pistillata_Liew_et_al._2014_Matches_miR-100_family.;spi-nve-F-miR-100_Stylophora_pistillata_Praher_et_al._2021_NA;apa-mir-100_Exaiptasia_pallida_Baumgarten_et_al._2017_miR-100;_Nve;_Spis;_Adi;avi-miR-temp-100_Anemonia_viridis_Urbarova_et_al._2018_NA;miR-100_Nematostella_vectensis_Moran_et_al._2014_NA,ptuh-mir-100,apul-mir-100; peve-mir-100,
Pocillopora_meandrina_HIv1___Sc0000003:10129512-10129606,Cluster_1274,Pocillopora_meandrina_HIv1___Sc0000003,10129512,10129606,95,11292,233,0.0001771165427,-,CGAUGUACUUCAGAGCAAUUUUU,2869,397,119,3756,240,5015,1765,23,Y,spi-mir-temp-23_Stylophora_pistillata_Liew_et_al._2014_NA,ptuh-mir-novel-8,NA,
Pocillopora_meandrina_HIv1___Sc0000014:9365459-9365552,Cluster_4142,Pocillopora_meandrina_HIv1___Sc0000014,9365459,9365552,94,11095,130,0,-,UUCCAGAUUUGUAUCAUUGUUAU,7555,84,19,144,240,10206,402,23,Y,NA,ptuh-mir-novel-9,NA,
Pocillopora_meandrina_HIv1___Sc0000010:8012916-8013008,Cluster_3397,Pocillopora_meandrina_HIv1___Sc0000010,8012916,8013008,93,26677,314,0.9910784571, + ,UACUUCAAUGUUAUCGGUUUGU,7987,404,130,142,12956,11855,1190,22,Y,NA,ptuh-mir-novel-10,NA,
Pocillopora_meandrina_HIv1___Sc0000016:7556327-7556421,Cluster_4471,Pocillopora_meandrina_HIv1___Sc0000016,7556327,7556421,95,637,78,0.9984301413, + ,UCAGUUCCACCAGCUCACCAAU,160,73,22,29,266,237,10,22,Y,NA,ptuh-mir-novel-11,NA,
Pocillopora_meandrina_HIv1___Sc0000016:7555639-7555733,Cluster_4470,Pocillopora_meandrina_HIv1___Sc0000016,7555639,7555733,95,15877,280,1, + ,UCAGUCCCACCAGCUCACCAAU,3822,3426,42,3687,5603,3057,62,N,Y,NA,ptuh-mir-novel-12,NA,
Pocillopora_meandrina_HIv1___Sc0000016:7553282-7553379,Cluster_4469,Pocillopora_meandrina_HIv1___Sc0000016,7553282,7553379,98,5074,232,0.9998029168, + ,AGGUGAGCUGUGGGAACUCUUA,2487,400,36,788,3235,523,92,22,Y,NA,ptuh-mir-novel-13,NA,
Pocillopora_meandrina_HIv1___Sc0000016:7550593-7550685,Cluster_4468,Pocillopora_meandrina_HIv1___Sc0000016,7550593,7550685,93,88578,511,1, + ,UCAGUCCCACCAUCUCACCAAU,40425,12690,185,7602,60344,7473,284,22,Y,NA,ptuh-mir-novel-14,NA,
Pocillopora_meandrina_HIv1___Sc0000016:7549557-7549654,Cluster_4466,Pocillopora_meandrina_HIv1___Sc0000016,7549557,7549654,98,19309,318,1, + ,UCAGUUCCACCAGCUCACCAAU,5541,2059,16,989,9036,7181,28,22,Y,NA,ptuh-mir-novel-15,NA,
Pocillopora_meandrina_HIv1___Sc0000018:6855499-6855592,Cluster_4846,Pocillopora_meandrina_HIv1___Sc0000018,6855499,6855592,94,6913,289,1, + ,GGAUUAAAAUUUGUUGGGUGUGC,1244,738,316,522,428,3428,1481,23,Y,NA,ptuh-mir-novel-16,NA,
Pocillopora_meandrina_HIv1___Sc0000012:6455183-6455276,Cluster_3670,Pocillopora_meandrina_HIv1___Sc0000012,6455183,6455276,94,2417,125,1, + ,UGAAAUACUCUGACGGAGUCAGC,1099,309,151,42,196,1432,287,23,Y,NA,ptuh-mir-novel-17,NA,
Pocillopora_meandrina_HIv1___Sc0000008:5387738-5387830,Cluster_2852,Pocillopora_meandrina_HIv1___Sc0000008,5387738,5387830,93,1517,131,0.001977587343,-,AACUUUUCUACAAUUCCAGUGGA,274,246,37,133,391,660,50,23,Y,NA,ptuh-mir-novel-18,NA,
Pocillopora_meandrina_HIv1___Sc0000017:5050908-5051000,Cluster_4599,Pocillopora_meandrina_HIv1___Sc0000017,5050908,5051000,93,132750,610,0,-,AACUGCUGAGAUUCUAUGGAUUU,47680,4764,285,1096,22198,101160,3247,23,Y,NA,ptuh-mir-novel-19,NA,
Pocillopora_meandrina_HIv1___Sc0000024:4808666-4808760,Cluster_5642,Pocillopora_meandrina_HIv1___Sc0000024,4808666,4808760,95,3154,144,1, + ,AGAACCCAAGAAUCUCGA,894,2822,1,301,26,3,1,N,Y,NA,ptuh-mir-novel-21,NA,
Pocillopora_meandrina_HIv1___Sc0000018:4564884-4564976,Cluster_4778,Pocillopora_meandrina_HIv1___Sc0000018,4564884,4564976,93,530,60,1, + ,UAACCUUAUUUGUCUUCACAUGU,143,35,0,42,119,278,56,23,Y,NA,ptuh-mir-novel-22,NA,
Pocillopora_meandrina_HIv1___Sc0000021:4351817-4351909,Cluster_5275,Pocillopora_meandrina_HIv1___Sc0000021,4351817,4351909,93,163,39,1, + ,ACUGAUAUUCACCAAGUG,34,72,4,45,26,13,3,N,Y,spi-mir-temp-34_Stylophora_pistillata_Liew_et_al._2014_NA,ptuh-mir-novel-23,NA,
Pocillopora_meandrina_HIv1___Sc0000009:3894900-3894992,Cluster_2970,Pocillopora_meandrina_HIv1___Sc0000009,3894900,3894992,93,578,48,0.001730103806,-,UAGCAUAACAUUGUAAG,330,351,7,3,170,45,2,N,Y,Adi-Mir-2030_5p_Acropora_digitifera_Gajigan_&_Conaco_2017_nve-miR-2030-5p;_nve-miR-2030-5p;_spi-miR-temp-40;adi-nve-F-miR-2030_Acropora_digitifera__Praher_et_al._2021_NA;ami-nve-F-miR-2030-5p_Acropora_millepora_Praher_et_al._2021_NA;eca-nve-F-miR-2030_Edwardsiella_carnea_Praher_et_al._2021_Transcriptome-level;spi-mir-temp-40_Stylophora_pistillata_Liew_et_al._2014_Close_match_of_nve-miR-2030;miR-2030_Nematostella_vectensis_Moran_et_al._2014_NA,ptuh-mir-2030,NA,
Pocillopora_meandrina_HIv1___Sc0000002:3841944-3842042,Cluster_912,Pocillopora_meandrina_HIv1___Sc0000002,3841944,3842042,99,106356,263,0,-,UUGUGUAACUCCCUAAGGAAGG,66971,4181,3,2786,98832,535,19,22,Y,NA,ptuh-mir-novel-24,NA,
Pocillopora_meandrina_HIv1___Sc0000008:3619341-3619435,Cluster_2832,Pocillopora_meandrina_HIv1___Sc0000008,3619341,3619435,95,366,65,0.005464480874,-,UGUGCUUUGGUUCAAAAAUGUC,148,65,6,15,212,56,12,22,Y,NA,ptuh-mir-novel-25,NA,
Pocillopora_meandrina_HIv1___Sc0000008:3576420-3576514,Cluster_2830,Pocillopora_meandrina_HIv1___Sc0000008,3576420,3576514,95,301,45,1, + ,CGAUGGAACACACAAGUAGAGA,89,31,9,14,185,60,2,22,Y,NA,ptuh-mir-novel-26,NA,
Pocillopora_meandrina_HIv1___Sc0000000:2872019-2872110,Cluster_34,Pocillopora_meandrina_HIv1___Sc0000000,2872019,2872110,92,177,29,1, + ,AUAGUAUUGUCGACAGGUACU,63,16,0,116,42,3,0,21,Y,NA,ptuh-mir-novel-27,NA,
Pocillopora_meandrina_HIv1___Sc0000014:2594743-2594833,Cluster_4060,Pocillopora_meandrina_HIv1___Sc0000014,2594743,2594833,91,329,44,0.9969604863, + ,CGUGGUGCGUUAUUGUUUCGGU,54,60,0,17,167,49,36,22,Y,NA,ptuh-mir-novel-28,NA,
Pocillopora_meandrina_HIv1___Sc0000014:2366038-2366132,Cluster_4059,Pocillopora_meandrina_HIv1___Sc0000014,2366038,2366132,95,1393,67,0,-,AUUUUUAGCCCGCGGAAGUUGC,641,54,1,97,930,301,10,22,Y,ami-nve-F-miR-2025-3p_Acropora_millepora_Praher_et_al._2021_NA;Adi-Mir-2025_3p_Acropora_digitifera_Gajigan_&_Conaco_2017_nve-miR-2025-3p;_nve-miR-2025-3p;adi-nve-F-miR-2025_Acropora_digitifera__Praher_et_al._2021_NA,ptuh-mir-2025,apul-mir-2025; peve-mir-2025,
Pocillopora_meandrina_HIv1___Sc0000035:1989820-1989912,Cluster_6429,Pocillopora_meandrina_HIv1___Sc0000035,1989820,1989912,93,4587,200,1, + ,UAUUUACAACUCUCAAAACAAC,1719,616,49,387,2003,1495,37,22,Y,NA,ptuh-mir-novel-29,NA,
Pocillopora_meandrina_HIv1___Sc0000008:1783802-1783891,Cluster_2786,Pocillopora_meandrina_HIv1___Sc0000008,1783802,1783891,90,1051,80,1, + ,UAUGUUUUGGCUUGUUCCCA,330,914,11,105,14,5,2,N,Y,NA,ptuh-mir-novel-20,peve-mir-novel-20,
Pocillopora_meandrina_HIv1___Sc0000026:1154719-1154813,Cluster_5770,Pocillopora_meandrina_HIv1___Sc0000026,1154719,1154813,95,23971,150,0,-,UAAGAUCAAGUUCAUGGUAUUCU,14088,61,53,21,570,22819,447,23,Y,NA,ptuh-mir-novel-30,NA,
Pocillopora_meandrina_HIv1___Sc0000000:818027-818120,Cluster_19,Pocillopora_meandrina_HIv1___Sc0000000,818027,818120,94,12096,283,0.9990906085, + ,UGUUCUCUCUGCAGUAAGCAUGU,3258,393,78,202,3329,5487,2607,23,Y,NA,ptuh-mir-novel-31,NA,
Pocillopora_meandrina_HIv1___Sc0000005:601572-601666,Cluster_1783,Pocillopora_meandrina_HIv1___Sc0000005,601572,601666,95,129435,404,1, + ,AAAGAAGUACAAGUGGUAGGG,43823,39978,4,68302,20911,235,5,N,Y,nve-miR-2023-3p;Adi-Mir-2023_3p_Acropora_digitifera_Gajigan_&_Conaco_2017_nve-miR-2023-3p;_nve-miR-2023-3p;_spi-miR-temp-4;eca-nve-F-miR-2023_Edwardsiella_carnea_Praher_et_al._2021_Transcriptome-level;mse-nve-F-miR-2023_Metridium_senile_Praher_et_al._2021_Transcriptome-level;sca-nve-miR-2023-3p_Scolanthus_callimorphus_Praher_et_al._2021_Transcriptome-level;epa-nve-F-miR-2023_Exaiptasia_pallida_Praher_et_al._2021_NA;spi-mir-temp-4_Stylophora_pistillata_Liew_et_al._2014_Exact_match_of_nve-miR-2023.;ami-nve-F-miR-2023-3p_Acropora_millepora_Praher_et_al._2021_NA;spi-nve-F-miR-2023_Stylophora_pistillata_Praher_et_al._2021_NA;miR-2023_Nematostella_vectensis_Moran_et_al._2014_NA;apa-mir-2023_Exaiptasia_pallida_Baumgarten_et_al._2017_miR-2023;_Nve;_Spis;_Adi;avi-miR-temp-2023_Anemonia_viridis_Urbarova_et_al._2018_NA,ptuh-mir-2023,apul-mir-2023; peve-mir-2023,
Pocillopora_meandrina_HIv1___Sc0000003:495066-495158,Cluster_1108,Pocillopora_meandrina_HIv1___Sc0000003,495066,495158,93,990,64,1, + ,UAUAUUGUACGACUCUCAUCGU,438,71,6,12,681,173,47,22,Y,Adi-Mir-2036_3p_Acropora_digitifera_Gajigan_&_Conaco_2017_nve-miR-2036-3p;_nve-miR-2036-3p;_spi-miR-temp-30;eca-nve-F-miR-2036_Edwardsiella_carnea_Praher_et_al._2021_Transcriptome-level;spi-mir-temp-30_Stylophora_pistillata_Liew_et_al._2014_Close_match_of_nve-miR-2036.;ami-nve-F-miR-2036-3p_Acropora_millepora_Praher_et_al._2021_NA;spi-nve-F-miR-2036_Stylophora_pistillata_Praher_et_al._2021_NA,ptuh-mir-2036,apul-mir-2036; peve-mir-2036,
