"","X.1","X","miRNA","mRNA","PCC.cor","p_value","adjusted_p_value","score","energy","query_start_end","subject_start_end","total_bp_shared","query_similar","subject_similar","V1","V3","Protein.names","Organism","Gene.Ontology..biological.process.","Gene.Ontology.IDs"
"60",60,17277,"Cluster_19193","FUN_043573",0.929674659349317,0.0221496324840345,0.897955770703476,151,-24.7,"2 18","743 766",18,"72.22%","83.33%",NA,NA,NA,NA,NA,NA
"69",69,20648,"Cluster_10051","FUN_025197",0.978580789954302,0.00375092828341026,0.545343267336266,171,-21.7,"2 21","778 800",20,"80.00%","85.00%",NA,NA,NA,NA,NA,NA
"71",71,20936,"Cluster_16409","FUN_019843",0.912436100242777,0.0306925837127653,0.922979388371587,170,-23.37,"2 20","515 537",19,"78.95%","89.47%",NA,NA,NA,NA,NA,NA
"72",72,20975,"Cluster_16409","FUN_019846",0.912436100242777,0.0306925837127653,0.922979388371587,170,-23.37,"2 20","511 533",19,"78.95%","89.47%",NA,NA,NA,NA,NA,NA
"107",107,29735,"Cluster_10051","FUN_014343",0.938315097289955,0.0182197517071088,0.847898695599974,157,-20.65,"2 21","255 276",20,"70.00%","85.00%",NA,NA,NA,NA,NA,NA
"115",115,31948,"Cluster_3250","FUN_029385",0.918700592430811,0.0274850568020725,0.914225011702335,157,-22.39,"2 20","682 707",22,"72.73%","77.27%",NA,NA,NA,NA,NA,NA
"135",135,43088,"Cluster_16409","FUN_020652",0.912436100242777,0.0306925837127653,0.922979388371587,170,-23.37,"2 20","523 545",19,"78.95%","89.47%",NA,NA,NA,NA,NA,NA
"136",136,43485,"Cluster_19193","FUN_043328",0.965914639369325,0.00751541039444425,0.677079544727381,173,-22.26,"2 19","931 954",19,"84.21%","89.47%",NA,NA,NA,NA,NA,NA
"139",139,44644,"Cluster_15775","FUN_034923",0.952463395955054,0.0123525010315663,0.766084851142397,175,-21.08,"2 22","665 686",20,"80.00%","90.00%","ptg000025l:1824007-1829900","B8WI85","Uncharacterized skeletal organic matrix protein 7 (Uncharacterized SOMP-7)","Acropora millepora (Staghorn coral) (Heteropora millepora)","","GO:0005576"
"152",152,46945,"Cluster_15775","FUN_027826",0.915440855529146,0.0291399046285765,0.922979388371587,150,-20.73,"2 22","966 997",29,"65.52%","68.97%",NA,NA,NA,NA,NA,NA
"155",155,47689,"Cluster_15928","FUN_008664",0.88089978514717,0.0484493357400938,0.96546924320845,162,-22.36,"2 21","280 304",22,"77.27%","77.27%",NA,NA,NA,NA,NA,NA
"183",183,55241,"Cluster_10051","FUN_013927",0.978580789954303,0.00375092828341024,0.545343267336266,152,-21.17,"2 18","385 407",17,"76.47%","76.47%",NA,NA,NA,NA,NA,NA
"193",193,57459,"Cluster_4254","FUN_042810",-0.911420631503238,0.0312231380321461,0.927224593598359,158,-20.43,"2 20","399 421",19,"73.68%","78.95%",NA,NA,NA,NA,NA,NA
"203",203,61675,"Cluster_5981","FUN_018057",0.900789662401113,0.0369486378710841,0.96546924320845,147,-20.64,"2 16","945 967",14,"64.29%","85.71%",NA,NA,NA,NA,NA,NA
"204",204,61696,"Cluster_18728","FUN_018057",-0.910263152536072,0.0318314343537556,0.931214853312136,150,-20.1,"2 11","750 771",9,"100.00%","100.00%",NA,NA,NA,NA,NA,NA
"233",233,69063,"Cluster_17776","FUN_041481",0.891068009656766,0.0424463563461438,0.96546924320845,142,-22.29,"2 17","675 695",15,"66.67%","80.00%","ptg000035l:4114997-4118723","P48430","Transcription factor SOX-2 (cSox2) (delta EF2a)","Gallus gallus (Chicken)","anatomical structure morphogenesis [GO:0009653]; cell differentiation [GO:0030154]; cell fate commitment [GO:0045165]; forebrain development [GO:0030900]; inner ear development [GO:0048839]; negative regulation of neuron differentiation [GO:0045665]; negative regulation of transcription by RNA polymerase II [GO:0000122]; positive regulation of DNA-templated transcription [GO:0045893]; positive regulation of transcription by RNA polymerase II [GO:0045944]; regulation of DNA-templated transcription [GO:0006355]; sensory organ precursor cell fate determination [GO:0016360]","GO:0000122; GO:0000978; GO:0000981; GO:0005634; GO:0005737; GO:0006355; GO:0009653; GO:0016360; GO:0030154; GO:0030900; GO:0043565; GO:0045165; GO:0045665; GO:0045893; GO:0045944; GO:0048839"
"240",240,70637,"Cluster_3366","FUN_035372",0.914870296887149,0.0294327402235506,0.922979388371587,178,-26.71,"2 23","141 164",21,"76.19%","85.71%",NA,NA,NA,NA,NA,NA
"250",250,73351,"Cluster_15928","FUN_036130",0.939876771205326,0.0175364380491936,0.847898695599974,157,-20.15,"2 14","867 888",12,"91.67%","91.67%",NA,NA,NA,NA,NA,NA
"272",272,80356,"Cluster_5981","FUN_012516",0.91318960314172,0.0303007902784342,0.922979388371587,151,-24.1,"2 22","218 245",25,"64.00%","72.00%",NA,NA,NA,NA,NA,NA
"287",287,83003,"Cluster_4220","FUN_041670",-0.963033219379839,0.0084845415358989,0.696512129680701,143,-20.77,"2 21","240 267",25,"60.00%","64.00%",NA,NA,NA,NA,NA,NA
"302",302,86042,"Cluster_3366","FUN_023803",0.881114119723408,0.0483202262003849,0.96546924320845,160,-21.6,"2 23","352 379",25,"68.00%","76.00%",NA,NA,NA,NA,NA,NA
"349",349,103609,"Cluster_15316","FUN_029420",0.904239489935055,0.0350570127190687,0.955405536641937,159,-24.18,"2 21","168 194",24,"62.50%","79.17%",NA,NA,NA,NA,NA,NA
"369",369,106961,"Cluster_14402","FUN_006425",0.905658990907276,0.0342879456764622,0.950618253871956,167,-26.62,"2 21","325 349",22,"77.27%","77.27%",NA,NA,NA,NA,NA,NA
"373",373,107588,"Cluster_15340","FUN_034331",0.94735279088149,0.0143859052783021,0.791406447288987,155,-22.83,"2 21","750 772",20,"65.00%","80.00%",NA,NA,NA,NA,NA,NA
"400",400,115514,"Cluster_18711","FUN_011647",-0.934483591954529,0.019931698625076,0.870542031315368,169,-21.12,"2 19","761 783",18,"83.33%","88.89%",NA,NA,NA,NA,NA,NA
"422",422,121238,"Cluster_15340","FUN_031699",-0.933747396339595,0.0202663060621374,0.874851497109032,153,-20.68,"2 21","333 352",19,"68.42%","78.95%",NA,NA,NA,NA,NA,NA
"433",433,124116,"Cluster_10057","FUN_001214",0.934801298442879,0.0197878570789982,0.86874670502882,162,-23.22,"2 20","1 23",19,"78.95%","78.95%","ntLink_6:9865534-9872126","P48463","Serine/threonine-protein phosphatase 2A catalytic subunit alpha isoform (PP2A-alpha) (EC 3.1.3.16)","Gallus gallus (Chicken)","mitotic cell cycle [GO:0000278]; positive regulation of NLRP3 inflammasome complex assembly [GO:1900227]","GO:0000278; GO:0000775; GO:0000922; GO:0004722; GO:0005634; GO:0005829; GO:0017018; GO:0046872; GO:0046982; GO:1900227"
"440",440,125788,"Cluster_5012","FUN_035855",0.9658101093013,0.00754988858923516,0.677079544727381,155,-20.3,"2 20","752 770",18,"77.78%","83.33%",NA,NA,NA,NA,NA,NA
"448",448,129604,"Cluster_3250","FUN_040184",0.88328449467037,0.0470190087487873,0.96546924320845,170,-22.32,"2 19","70 91",17,"82.35%","88.24%",NA,NA,NA,NA,NA,NA
"454",454,130861,"Cluster_5981","FUN_032443",0.898911920913488,0.0379915018463866,0.96546924320845,150,-20.62,"2 21","834 861",24,"62.50%","75.00%",NA,NA,NA,NA,NA,NA
"455",455,130926,"Cluster_1862","FUN_032449",0.995693532787135,0.00033902742814575,0.393371538720933,161,-20.24,"2 21","213 240",23,"78.26%","78.26%",NA,NA,NA,NA,NA,NA
"457",457,131593,"Cluster_3250","FUN_000258",0.977388854104582,0.00406760929145233,0.545343267336266,167,-21.54,"2 21","785 807",20,"75.00%","85.00%",NA,NA,NA,NA,NA,NA
"461",461,133552,"Cluster_5981","FUN_010495",0.878919133374315,0.0496475644454636,0.96546924320845,147,-21.99,"2 21","197 220",20,"65.00%","70.00%",NA,NA,NA,NA,NA,NA
"493",493,141963,"Cluster_1862","FUN_037383",0.918909104941592,0.0273802661228337,0.914225011702335,152,-20.44,"2 23","383 409",24,"62.50%","75.00%","ptg000026l:9821067-9824379","Q99MU3","Double-stranded RNA-specific adenosine deaminase (DRADA) (EC 3.5.4.37) (RNA adenosine deaminase 1)","Mus musculus (Mouse)","adenosine to inosine editing [GO:0006382]; apoptotic process [GO:0006915]; base conversion or substitution editing [GO:0016553]; cellular response to virus [GO:0098586]; defense response to virus [GO:0051607]; definitive hemopoiesis [GO:0060216]; erythrocyte differentiation [GO:0030218]; hematopoietic progenitor cell differentiation [GO:0002244]; hematopoietic stem cell homeostasis [GO:0061484]; hepatocyte apoptotic process [GO:0097284]; innate immune response [GO:0045087]; miRNA processing [GO:0035196]; mRNA processing [GO:0006397]; negative regulation of hepatocyte apoptotic process [GO:1903944]; negative regulation of post-transcriptional gene silencing by RNA [GO:1900369]; negative regulation of protein kinase activity by regulation of protein phosphorylation [GO:0044387]; negative regulation of type I interferon-mediated signaling pathway [GO:0060339]; osteoblast differentiation [GO:0001649]; positive regulation of viral genome replication [GO:0045070]; pre-miRNA processing [GO:0031054]; protein export from nucleus [GO:0006611]; protein import into nucleus [GO:0006606]; response to interferon-alpha [GO:0035455]; response to virus [GO:0009615]; RISC complex assembly [GO:0070922]; RNA processing [GO:0006396]; somatic diversification of immune receptors via somatic mutation [GO:0002566]","GO:0001649; GO:0002244; GO:0002566; GO:0003692; GO:0003725; GO:0003726; GO:0005634; GO:0005654; GO:0005730; GO:0005737; GO:0006382; GO:0006396; GO:0006397; GO:0006606; GO:0006611; GO:0006915; GO:0008251; GO:0009615; GO:0016553; GO:0016607; GO:0030218; GO:0031054; GO:0035196; GO:0035455; GO:0044387; GO:0044530; GO:0045070; GO:0045087; GO:0046872; GO:0051607; GO:0060216; GO:0060339; GO:0061484; GO:0070922; GO:0097284; GO:0098586; GO:1900369; GO:1903944"
"509",509,145338,"Cluster_14768","FUN_000662",0.929222172391746,0.0223621946443423,0.900124376770459,150,-20.84,"2 20","178 202",22,"68.18%","68.18%",NA,NA,NA,NA,NA,NA
"518",518,146149,"Cluster_5981","FUN_030107",0.965113242711184,0.00778106354057353,0.677079544727381,166,-24.76,"2 16","252 275",15,"93.33%","93.33%",NA,NA,NA,NA,NA,NA
"524",524,147769,"Cluster_18728","FUN_028681",-0.921599313631769,0.026039899045672,0.914225011702335,146,-20.91,"2 15","136 157",13,"76.92%","76.92%",NA,NA,NA,NA,NA,NA
"526",526,148489,"Cluster_5981","FUN_041289",0.965113242711184,0.00778106354057353,0.677079544727381,156,-21.49,"2 22","196 219",21,"61.90%","80.95%",NA,NA,NA,NA,NA,NA
"536",536,151836,"Cluster_3367","FUN_014908",-0.923959542719925,0.0248819460130936,0.912822926973849,160,-21.83,"2 20","507 528",18,"72.22%","88.89%","ptg000009l:4153588-4156672","Q9Y818","Ubiquitin-conjugating enzyme E2 15 (EC 2.3.2.23) (E2 ubiquitin-conjugating enzyme 15) (Ubiquitin carrier protein 15) (Ubiquitin-protein ligase 15)","Schizosaccharomyces pombe (strain 972 / ATCC 24843) (Fission yeast)","proteasome-mediated ubiquitin-dependent protein catabolic process [GO:0043161]; protein polyubiquitination [GO:0000209]; ubiquitin-dependent protein catabolic process [GO:0006511]","GO:0000209; GO:0005524; GO:0005634; GO:0006511; GO:0043161; GO:0061631"
"598",598,169978,"Cluster_5981","FUN_043213",-0.939467449175775,0.0177147162505936,0.847898695599974,162,-24.97,"2 22","364 384",20,"75.00%","80.00%",NA,NA,NA,NA,NA,NA
"599",599,170116,"Cluster_18728","FUN_029594",-0.894881290301398,0.0402610204271611,0.96546924320845,160,-20.78,"2 21","290 311",19,"68.42%","78.95%","ptg000023l:3567454-3579812","E7FAM5","E3 ubiquitin-protein ligase TRIM71 (EC 2.3.2.27) (Protein lin-41 homolog) (RING-type E3 ubiquitin transferase TRIM71) (Tripartite motif-containing protein 71)","Danio rerio (Zebrafish) (Brachydanio rerio)","embryonic body morphogenesis [GO:0010172]; fibroblast growth factor receptor signaling pathway [GO:0008543]; G1/S transition of mitotic cell cycle [GO:0000082]; miRNA metabolic process [GO:0010586]; miRNA-mediated gene silencing by inhibition of translation [GO:0035278]; negative regulation of translation [GO:0017148]; neural tube development [GO:0021915]; proteasome-mediated ubiquitin-dependent protein catabolic process [GO:0043161]; protein autoubiquitination [GO:0051865]; protein polyubiquitination [GO:0000209]; regulation of miRNA-mediated gene silencing [GO:0060964]; regulation of neural precursor cell proliferation [GO:2000177]; stem cell proliferation [GO:0072089]","GO:0000082; GO:0000209; GO:0000932; GO:0004842; GO:0008270; GO:0008543; GO:0010172; GO:0010586; GO:0017148; GO:0021915; GO:0030371; GO:0035198; GO:0035278; GO:0043161; GO:0051865; GO:0060964; GO:0061630; GO:0072089; GO:2000177"
"611",611,175119,"Cluster_3367","FUN_040457",-0.91834045230983,0.027666353073052,0.914225011702335,155,-22.07,"2 23","639 666",25,"64.00%","80.00%",NA,NA,NA,NA,NA,NA
"615",615,175992,"Cluster_14768","FUN_032115",-0.946006984217175,0.01493796053591,0.804401617334221,162,-24,"2 20","529 553",22,"72.73%","77.27%","ptg000023l:28955610-28958003","Q1LYE3","Zinc finger protein 143 (Selenocysteine tRNA gene transcription-activating factor)","Danio rerio (Zebrafish) (Brachydanio rerio)","central nervous system development [GO:0007417]; positive regulation of DNA-templated transcription [GO:0045893]; regulation of transcription by RNA polymerase II [GO:0006357]","GO:0000978; GO:0000981; GO:0005634; GO:0006357; GO:0007417; GO:0045893; GO:0046872"
"620",620,176673,"Cluster_1862","FUN_043901",0.939864170893346,0.0175419173063509,0.847898695599974,177,-23.2,"2 23","577 601",22,"72.73%","90.91%",NA,NA,NA,NA,NA,NA
"643",643,181855,"Cluster_18728","FUN_029602",-0.892392843466376,0.0416829538043013,0.96546924320845,156,-20.78,"2 21","281 302",19,"68.42%","73.68%","ptg000023l:3630545-3632750","E7FAM5","E3 ubiquitin-protein ligase TRIM71 (EC 2.3.2.27) (Protein lin-41 homolog) (RING-type E3 ubiquitin transferase TRIM71) (Tripartite motif-containing protein 71)","Danio rerio (Zebrafish) (Brachydanio rerio)","embryonic body morphogenesis [GO:0010172]; fibroblast growth factor receptor signaling pathway [GO:0008543]; G1/S transition of mitotic cell cycle [GO:0000082]; miRNA metabolic process [GO:0010586]; miRNA-mediated gene silencing by inhibition of translation [GO:0035278]; negative regulation of translation [GO:0017148]; neural tube development [GO:0021915]; proteasome-mediated ubiquitin-dependent protein catabolic process [GO:0043161]; protein autoubiquitination [GO:0051865]; protein polyubiquitination [GO:0000209]; regulation of miRNA-mediated gene silencing [GO:0060964]; regulation of neural precursor cell proliferation [GO:2000177]; stem cell proliferation [GO:0072089]","GO:0000082; GO:0000209; GO:0000932; GO:0004842; GO:0008270; GO:0008543; GO:0010172; GO:0010586; GO:0017148; GO:0021915; GO:0030371; GO:0035198; GO:0035278; GO:0043161; GO:0051865; GO:0060964; GO:0061630; GO:0072089; GO:2000177"
"659",659,187879,"Cluster_5981","FUN_016608",0.994627225901417,0.000472369028023397,0.467545540101175,160,-20.92,"2 21","477 497",19,"78.95%","84.21%",NA,NA,NA,NA,NA,NA
"670",670,190935,"Cluster_15854","FUN_013364",-0.971490463332523,0.00575377810454247,0.627193380257548,168,-20.23,"2 22","888 911",21,"71.43%","85.71%","ptg000008l:21687329-21690843","Q5ZIT5","Ras-related protein Rab-10 (EC 3.6.5.2)","Gallus gallus (Chicken)","axonogenesis [GO:0007409]; cellular response to insulin stimulus [GO:0032869]; endoplasmic reticulum tubular network organization [GO:0071786]; endosomal transport [GO:0016197]; establishment of neuroblast polarity [GO:0045200]; establishment of protein localization to endoplasmic reticulum membrane [GO:0097051]; Golgi to plasma membrane protein transport [GO:0043001]; Golgi to plasma membrane transport [GO:0006893]; polarized epithelial cell differentiation [GO:0030859]; protein localization to basolateral plasma membrane [GO:1903361]; protein localization to plasma membrane [GO:0072659]; protein secretion [GO:0009306]; regulation of exocytosis [GO:0017157]; vesicle docking involved in exocytosis [GO:0006904]; vesicle-mediated transport [GO:0016192]","GO:0003924; GO:0003925; GO:0005525; GO:0005768; GO:0005789; GO:0005794; GO:0005802; GO:0005886; GO:0005929; GO:0006893; GO:0006904; GO:0007409; GO:0008021; GO:0009306; GO:0016192; GO:0016197; GO:0017157; GO:0019003; GO:0030670; GO:0030859; GO:0031489; GO:0032593; GO:0032869; GO:0043001; GO:0043231; GO:0045200; GO:0048471; GO:0055037; GO:0055038; GO:0071782; GO:0071786; GO:0072659; GO:0097051; GO:1903361"
"705",705,202699,"Cluster_5981","FUN_026122",0.965113242711184,0.00778106354057353,0.677079544727381,168,-23.28,"2 22","654 678",22,"63.64%","90.91%",NA,NA,NA,NA,NA,NA
"736",736,208619,"Cluster_3366","FUN_013080",0.888310868864341,0.0440491206471639,0.96546924320845,153,-21.45,"2 19","466 490",18,"61.11%","88.89%",NA,NA,NA,NA,NA,NA
"748",748,212137,"Cluster_5981","FUN_024529",-0.973898923067543,0.00504212756126728,0.595990930925003,152,-22.75,"2 20","563 590",23,"69.57%","78.26%","ptg000018l:7921854-7947207","Q80XJ3","Tetratricopeptide repeat protein 28 (TPR repeat protein 28)","Mus musculus (Mouse)","cell cycle [GO:0007049]; cell division [GO:0051301]; regulation of mitotic cell cycle [GO:0007346]","GO:0005737; GO:0005813; GO:0007049; GO:0007346; GO:0019900; GO:0030496; GO:0051301; GO:0072686; GO:0097431; GO:1990023"
"768",768,219071,"Cluster_3366","FUN_020765",0.888310868864341,0.0440491206471639,0.96546924320845,169,-21.17,"2 21","473 496",20,"80.00%","90.00%",NA,NA,NA,NA,NA,NA
"783",783,222732,"Cluster_1862","FUN_003478",-0.987158026110664,0.00174358522915539,0.545343267336266,173,-20.12,"2 23","798 823",23,"69.57%","86.96%",NA,NA,NA,NA,NA,NA
"803",803,228187,"Cluster_18728","FUN_013292",-0.958719638413883,0.0100055624471572,0.717681557663573,170,-25.71,"2 21","299 319",19,"78.95%","89.47%",NA,NA,NA,NA,NA,NA
"804",804,228635,"Cluster_10051","FUN_041625",0.979681354691911,0.00346615436725054,0.545343267336266,164,-22.47,"2 21","954 975",19,"68.42%","84.21%",NA,NA,NA,NA,NA,NA
"827",827,232760,"Cluster_3366","FUN_005016",0.888310868864341,0.0440491206471639,0.96546924320845,170,-25.67,"2 19","29 52",17,"76.47%","94.12%",NA,NA,NA,NA,NA,NA
"829",829,232901,"Cluster_16409","FUN_035124",0.897831046991203,0.0385959833026285,0.96546924320845,154,-21.27,"2 20","812 839",24,"62.50%","75.00%","ptg000025l:4221477-4225366","Q8BHB0","Nucleotide-binding oligomerization domain-containing protein 1 (Caspase recruitment domain-containing protein 4)","Mus musculus (Mouse)","activation of cysteine-type endopeptidase activity involved in apoptotic process [GO:0006919]; apoptotic process [GO:0006915]; cellular response to muramyl dipeptide [GO:0071225]; defense response to bacterium [GO:0042742]; defense response to Gram-positive bacterium [GO:0050830]; detection of bacterium [GO:0016045]; ERK1 and ERK2 cascade [GO:0070371]; I-kappaB kinase/NF-kappaB signaling [GO:0007249]; innate immune response [GO:0045087]; intracellular signal transduction [GO:0035556]; JNK cascade [GO:0007254]; pattern recognition receptor signaling pathway [GO:0002221]; positive regulation of cell death [GO:0010942]; positive regulation of cysteine-type endopeptidase activity involved in apoptotic process [GO:0043280]; positive regulation of dendritic cell antigen processing and presentation [GO:0002606]; positive regulation of ERK1 and ERK2 cascade [GO:0070374]; positive regulation of I-kappaB kinase/NF-kappaB signaling [GO:0043123]; positive regulation of interleukin-1 beta production [GO:0032731]; positive regulation of interleukin-6 production [GO:0032755]; positive regulation of interleukin-8 production [GO:0032757]; positive regulation of JNK cascade [GO:0046330]; positive regulation of macrophage cytokine production [GO:0060907]; positive regulation of NF-kappaB transcription factor activity [GO:0051092]; positive regulation of NIK/NF-kappaB signaling [GO:1901224]; positive regulation of nitric-oxide synthase activity [GO:0051000]; positive regulation of stress-activated MAPK cascade [GO:0032874]; positive regulation of tumor necrosis factor production [GO:0032760]; positive regulation of xenophagy [GO:1904417]; regulation of apoptotic process [GO:0042981]; stress-activated MAPK cascade [GO:0051403]; xenophagy [GO:0098792]","GO:0002221; GO:0002606; GO:0005524; GO:0005737; GO:0005829; GO:0005886; GO:0006915; GO:0006919; GO:0007249; GO:0007254; GO:0010942; GO:0016045; GO:0016323; GO:0016324; GO:0032731; GO:0032755; GO:0032757; GO:0032760; GO:0032874; GO:0035556; GO:0038187; GO:0042742; GO:0042802; GO:0042803; GO:0042981; GO:0043123; GO:0043280; GO:0044877; GO:0045087; GO:0045335; GO:0046330; GO:0050700; GO:0050830; GO:0051000; GO:0051092; GO:0051403; GO:0060907; GO:0070371; GO:0070374; GO:0071225; GO:0098792; GO:1901224; GO:1904417"
"865",865,245911,"Cluster_5981","FUN_038089",0.881461368085258,0.0481112842362314,0.96546924320845,145,-21.45,"2 10","54 76",8,"100.00%","100.00%","ptg000027l:2252413-2253073","Q5PR73","GTP-binding protein Di-Ras2 (Distinct subgroup of the Ras family member 2)","Mus musculus (Mouse)","signal transduction [GO:0007165]","GO:0003924; GO:0005525; GO:0005886; GO:0007165; GO:0019003"
"874",874,247487,"Cluster_16409","FUN_001557",0.918650189158978,0.0275104069554112,0.914225011702335,148,-20.39,"2 20","848 874",23,"65.22%","78.26%","ntLink_6:13734780-13735842","P35406","D(1) dopamine receptor (Dopamine D1 receptor)","Carassius auratus (Goldfish)","regulation of biological quality [GO:0065008]","GO:0004930; GO:0005886; GO:0065008"
"926",926,262750,"Cluster_3250","FUN_006047",0.977388854104582,0.00406760929145233,0.545343267336266,175,-25.52,"2 21","103 125",20,"80.00%","90.00%",NA,NA,NA,NA,NA,NA
"934",934,265281,"Cluster_1862","FUN_037230",0.938426896439605,0.0181705523275463,0.847898695599974,173,-20.07,"2 23","814 838",22,"72.73%","86.36%",NA,NA,NA,NA,NA,NA
"968",968,276703,"Cluster_18728","FUN_001066",-0.928799836792751,0.0225611843017344,0.902348283694733,156,-24.73,"2 21","518 539",19,"57.89%","84.21%",NA,NA,NA,NA,NA,NA
"982",982,280387,"Cluster_5981","FUN_017959",0.899732687616379,0.0375345236466155,0.96546924320845,160,-21.39,"2 22","603 628",23,"65.22%","78.26%",NA,NA,NA,NA,NA,NA
"983",983,280433,"Cluster_14402","FUN_022526",0.922321225378356,0.0256839204452313,0.914225011702335,153,-20.09,"2 20","655 678",20,"70.00%","80.00%",NA,NA,NA,NA,NA,NA
"1015",1015,288919,"Cluster_3250","FUN_023956",0.942012341638402,0.0166158734514718,0.837006715321312,157,-23.35,"2 21","21 42",20,"70.00%","85.00%","ptg000018l:544271-552731","Q58A65","C-Jun-amino-terminal kinase-interacting protein 4 (JIP-4) (JNK-interacting protein 4) (JNK-associated leucine-zipper protein) (JLP) (JNK/SAPK-associated protein 2) (JSAP2) (Mitogen-activated protein kinase 8-interacting protein 4) (Sperm-associated antigen 9)","Mus musculus (Mouse)","lysosome localization [GO:0032418]; negative regulation of dendrite extension [GO:1903860]; negative regulation of neuron differentiation [GO:0045665]; negative regulation of protein phosphorylation [GO:0001933]; positive regulation of cell migration [GO:0030335]; positive regulation of MAPK cascade [GO:0043410]; positive regulation of neuron differentiation [GO:0045666]; retrograde transport, endosome to Golgi [GO:0042147]; striated muscle cell differentiation [GO:0051146]; vesicle-mediated transport [GO:0016192]","GO:0001933; GO:0005078; GO:0005737; GO:0005765; GO:0005829; GO:0008432; GO:0016192; GO:0019894; GO:0030159; GO:0030335; GO:0032418; GO:0034451; GO:0042147; GO:0042802; GO:0043410; GO:0045665; GO:0045666; GO:0048471; GO:0051146; GO:1903860"
"1019",1019,290342,"Cluster_15340","FUN_043619",0.944683231412696,0.0154875356468844,0.816817349985554,153,-22.28,"2 15","705 728",15,"80.00%","86.67%","ptg000047l:10872837-10882525","Q6DJ06","LIM domain transcription factor LMO4.2 (LIM domain only protein 4.2) (LMO-4.2)","Xenopus tropicalis (Western clawed frog) (Silurana tropicalis)","cell differentiation [GO:0030154]; gastrulation [GO:0007369]; mesoderm development [GO:0007498]; negative regulation of neuron differentiation [GO:0045665]; nervous system development [GO:0007399]; positive regulation of transcription by RNA polymerase II [GO:0045944]","GO:0003712; GO:0007369; GO:0007399; GO:0007498; GO:0030154; GO:0045665; GO:0045944; GO:0046872"
"1021",1021,290628,"Cluster_19193","FUN_043612",0.911230385834477,0.0313228601641537,0.927609281109268,178,-32.5,"2 21","463 483",19,"89.47%","89.47%","ptg000047l:10773842-10774451","P35621","Protein DVR-1","Danio rerio (Zebrafish) (Brachydanio rerio)","axis specification [GO:0009798]; BMP signaling pathway [GO:0030509]; convergent extension involved in gastrulation [GO:0060027]; heart looping [GO:0001947]; left/right pattern formation [GO:0060972]; neuron development [GO:0048666]; nodal signaling pathway [GO:0038092]; positive regulation of cell division [GO:0051781]; positive regulation of pathway-restricted SMAD protein phosphorylation [GO:0010862]; regulation of epiboly involved in gastrulation with mouth forming second [GO:1904086]; regulation of nodal signaling pathway involved in determination of left/right asymmetry [GO:1900145]; SMAD protein signal transduction [GO:0060395]","GO:0001947; GO:0005125; GO:0005615; GO:0008083; GO:0009798; GO:0010862; GO:0030509; GO:0032991; GO:0038092; GO:0048666; GO:0051781; GO:0060027; GO:0060395; GO:0060972; GO:1900145; GO:1904086"
"1037",1037,297329,"Cluster_16409","FUN_004030",-0.960360362974489,0.00941735834402992,0.717681557663573,168,-21.04,"2 17","27 48",15,"86.67%","93.33%",NA,NA,NA,NA,NA,NA
"1062",1062,302796,"Cluster_19193","FUN_037708",0.97837155759896,0.00380590308574924,0.545343267336266,159,-21.45,"2 21","392 415",21,"71.43%","76.19%",NA,NA,NA,NA,NA,NA
"1076",1076,306704,"Cluster_3366","FUN_040868",0.888310868864341,0.0440491206471639,0.96546924320845,157,-20.2,"2 23","90 114",22,"63.64%","77.27%",NA,NA,NA,NA,NA,NA
"1089",1089,308553,"Cluster_14768","FUN_000845",0.929222172391746,0.0223621946443423,0.900124376770459,150,-20.84,"2 20","178 202",22,"68.18%","68.18%",NA,NA,NA,NA,NA,NA
"1090",1090,308553,"Cluster_14768","FUN_000845",0.929222172391746,0.0223621946443423,0.900124376770459,150,-20.84,"2 20","178 202",22,"68.18%","68.18%",NA,NA,NA,NA,NA,NA
"1105",1105,315526,"Cluster_5981","FUN_026892",0.965113242711184,0.00778106354057356,0.677079544727381,157,-20.81,"2 22","48 70",20,"60.00%","80.00%",NA,NA,NA,NA,NA,NA
"1120",1120,321046,"Cluster_18728","FUN_040469",-0.958719638413883,0.0100055624471572,0.717681557663573,157,-26.06,"2 16","646 666",14,"85.71%","92.86%",NA,NA,NA,NA,NA,NA
"1152",1152,328484,"Cluster_15340","FUN_023778",-0.886287505512474,0.0452372569377336,0.96546924320845,165,-23.89,"2 14","482 503",12,"100.00%","100.00%",NA,NA,NA,NA,NA,NA
"1172",1172,333201,"Cluster_14768","FUN_008327",-0.969079550705252,0.00649647778506713,0.657963653091088,158,-21.33,"2 19","645 665",17,"64.71%","88.24%",NA,NA,NA,NA,NA,NA
"1177",1177,333905,"Cluster_15340","FUN_003440",0.967855742230399,0.00688468077332657,0.671934042973242,154,-24.38,"2 21","823 843",19,"63.16%","84.21%",NA,NA,NA,NA,NA,NA
"1182",1182,334859,"Cluster_2463","FUN_004508",-0.939930912925519,0.0175129008046142,0.847898695599974,165,-20.8,"2 21","374 393",19,"78.95%","84.21%","ntLink_8:23866876-23871344","H9JW43","Chitin deacetylase 8 (BmCDA8) (EC 3.5.1.41) (Chitin deacetylase 17)","Bombyx mori (Silk moth)","chitin catabolic process [GO:0006032]; polysaccharide catabolic process [GO:0000272]","GO:0000272; GO:0004099; GO:0005615; GO:0006032; GO:0008270"
"1223",1223,347355,"Cluster_10228","FUN_022416",0.887904729240808,0.0442868039725923,0.96546924320845,159,-20.23,"2 20","782 804",18,"72.22%","77.78%",NA,NA,NA,NA,NA,NA
"1224",1224,347524,"Cluster_17791","FUN_022419",0.908924996309387,0.0325393554071181,0.937259394150211,179,-21.96,"2 20","264 286",18,"83.33%","94.44%",NA,NA,NA,NA,NA,NA
"1240",1240,353509,"Cluster_5012","FUN_032577",0.924178193615416,0.0247755362242095,0.911947326397717,157,-21.54,"2 20","268 293",23,"69.57%","78.26%",NA,NA,NA,NA,NA,NA
"1260",1260,360797,"Cluster_3366","FUN_028212",0.961211818569935,0.00911674719626504,0.714292812413301,159,-21.3,"2 22","861 883",20,"65.00%","85.00%",NA,NA,NA,NA,NA,NA
"1298",1298,369278,"Cluster_15340","FUN_004121",0.956144560038257,0.0109519472421122,0.74182245292781,153,-21.22,"2 18","576 597",16,"75.00%","75.00%","ntLink_8:19525772-19536749","Q7TNK7","Ammonium transporter Rh type A (Erythrocyte membrane glycoprotein Rh50) (Rhesus blood group family type A glycoprotein) (Rh family type A glycoprotein) (Rh type A glycoprotein) (CD antigen CD241)","Rattus norvegicus (Rat)","ammonium homeostasis [GO:0097272]; ammonium transmembrane transport [GO:0072488]; carbon dioxide transport [GO:0015670]; cellular ion homeostasis [GO:0006873]; erythrocyte development [GO:0048821]; inorganic cation transmembrane transport [GO:0098662]; multicellular organismal iron ion homeostasis [GO:0060586]","GO:0005886; GO:0006873; GO:0008519; GO:0015670; GO:0016020; GO:0022840; GO:0030506; GO:0048821; GO:0060586; GO:0072488; GO:0097272; GO:0098662"
"1314",1314,374924,"Cluster_10051","FUN_041610",0.950416141898834,0.0131549018449425,0.768499722441305,166,-21.71,"2 21","370 390",19,"78.95%","84.21%",NA,NA,NA,NA,NA,NA
"1321",1321,377268,"Cluster_10228","FUN_012601",-0.987937302187941,0.00158749787882643,0.545343267336266,157,-20.51,"2 19","420 444",19,"63.16%","89.47%",NA,NA,NA,NA,NA,NA
"1331",1331,380965,"Cluster_5012","FUN_004327",0.924178193615415,0.0247755362242096,0.911947326397717,165,-21.49,"2 20","975 997",20,"80.00%","85.00%",NA,NA,NA,NA,NA,NA
"1362",1362,390208,"Cluster_5012","FUN_029573",-0.881893431169151,0.0478517087663895,0.96546924320845,154,-22.07,"2 20","47 73",24,"66.67%","70.83%",NA,NA,NA,NA,NA,NA
"1374",1374,393040,"Cluster_18728","FUN_024795",-0.958719638413883,0.0100055624471572,0.717681557663573,157,-26.88,"2 16","969 989",14,"85.71%","92.86%",NA,NA,NA,NA,NA,NA
"1380",1380,394613,"Cluster_4220","FUN_039701",0.912695187691424,0.0305576856594619,0.922979388371587,164,-20.7,"2 17","427 448",15,"80.00%","93.33%",NA,NA,NA,NA,NA,NA
"1392",1392,397254,"Cluster_19193","FUN_023704",0.919289861326711,0.027189244910435,0.914225011702335,152,-20.36,"2 13","111 132",11,"90.91%","90.91%",NA,NA,NA,NA,NA,NA
"1450",1450,414852,"Cluster_3367","FUN_006496",-0.91834045230983,0.027666353073052,0.914225011702335,171,-26,"2 22","194 219",22,"77.27%","86.36%",NA,NA,NA,NA,NA,NA
"1474",1474,422643,"Cluster_19193","FUN_024347",0.90253274780724,0.0359888920549166,0.960663545556015,152,-21.2,"2 21","354 375",19,"63.16%","73.68%",NA,NA,NA,NA,NA,NA
"1507",1507,434809,"Cluster_18728","FUN_011056",0.909544979248351,0.0322107470887216,0.934522799840711,155,-29.13,"2 21","579 601",20,"70.00%","75.00%","ptg000007l:5941642-5943223","P54965","Conjugated bile acid hydrolase (CBAH) (EC 3.5.1.-) (Bile salt hydrolase) (BSH) (CBAH-1) (Choloylglycine hydrolase) (EC 3.5.1.24)","Clostridium perfringens (strain 13 / Type A)","bile acid biosynthetic process [GO:0006699]","GO:0006699; GO:0045302; GO:0047742"
"1510",1510,435747,"Cluster_19193","FUN_041738",0.942173838181256,0.016546917218467,0.836776328693902,151,-21.37,"2 18","557 577",16,"75.00%","81.25%","ptg000035l:6973644-6977545","Q6L9W6","Beta-1,4-N-acetylgalactosaminyltransferase 3 (B4GalNAcT3) (Beta4GalNAc-T3) (Beta4GalNAcT3) (EC 2.4.1.244) (Beta-1,4-N-acetylgalactosaminyltransferase III) (N-acetyl-beta-glucosaminyl-glycoprotein 4-beta-N-acetylgalactosaminyltransferase 2) (NGalNAc-T2)","Homo sapiens (Human)","","GO:0005794; GO:0008376; GO:0032580; GO:0033842; GO:0043231"
"1559",1559,448620,"Cluster_1862","FUN_033968",0.914941018366899,0.0293963918076494,0.922979388371587,152,-20.2,"2 23","739 765",24,"62.50%","75.00%",NA,NA,NA,NA,NA,NA
"1573",1573,453430,"Cluster_5981","FUN_016637",0.965113242711184,0.00778106354057356,0.677079544727381,158,-20.82,"2 15","64 86",13,"84.62%","92.31%",NA,NA,NA,NA,NA,NA
"1610",1610,463928,"Cluster_14402","FUN_044050",-0.888830873815023,0.04374539357953,0.96546924320845,159,-20.55,"2 21","658 682",22,"68.18%","77.27%",NA,NA,NA,NA,NA,NA
"1619",1619,466282,"Cluster_18728","FUN_034127",-0.88257316744877,0.047444236195946,0.96546924320845,143,-22.64,"2 12","441 462",10,"80.00%","90.00%","ptg000024l:5182044-5192787","Q9NBX4","Probable RNA-directed DNA polymerase from transposon X-element (EC 2.7.7.49) (Reverse transcriptase)","Drosophila melanogaster (Fruit fly)","transposition, DNA-mediated [GO:0006313]","GO:0003964; GO:0006313"
"1694",1694,489544,"Cluster_5981","FUN_039073",0.965113242711184,0.00778106354057353,0.677079544727381,149,-20.65,"2 22","50 72",20,"55.00%","75.00%",NA,NA,NA,NA,NA,NA
"1704",1704,494496,"Cluster_5900","FUN_030691",0.891045279573933,0.0424594923654875,0.96546924320845,158,-20.68,"2 17","463 483",15,"86.67%","86.67%",NA,NA,NA,NA,NA,NA
"1768",1768,511478,"Cluster_16409","FUN_031571",0.989849332448064,0.00122578245722519,0.545343267336266,161,-21.44,"2 15","403 425",14,"92.86%","92.86%",NA,NA,NA,NA,NA,NA
"1772",1772,511673,"Cluster_16409","FUN_020702",0.912436100242777,0.0306925837127653,0.922979388371587,170,-23.37,"2 20","523 545",19,"78.95%","89.47%",NA,NA,NA,NA,NA,NA
"1773",1773,511712,"Cluster_16409","FUN_020705",0.912436100242777,0.0306925837127653,0.922979388371587,170,-23.37,"2 20","523 545",19,"78.95%","89.47%",NA,NA,NA,NA,NA,NA
"1775",1775,511790,"Cluster_16409","FUN_020706",0.912436100242777,0.0306925837127653,0.922979388371587,170,-23.37,"2 20","523 545",19,"78.95%","89.47%",NA,NA,NA,NA,NA,NA
"1784",1784,515060,"Cluster_15340","FUN_005093",0.906659813531637,0.033749004138785,0.94668977834888,155,-20.53,"2 21","669 692",21,"66.67%","76.19%",NA,NA,NA,NA,NA,NA
"1788",1788,515891,"Cluster_18772","FUN_026553",0.907139286332059,0.0334917787925308,0.945544188656538,162,-21.04,"2 22","340 362",21,"76.19%","80.95%",NA,NA,NA,NA,NA,NA
"1799",1799,519530,"Cluster_4220","FUN_012580",-0.971424618827498,0.00577366509372755,0.628006396123141,166,-21.01,"2 15","158 179",13,"92.31%","100.00%","ptg000008l:10085016-10088197","Q7Z442","Polycystic kidney disease protein 1-like 2 (PC1-like 2 protein) (Polycystin-1L2)","Homo sapiens (Human)","detection of mechanical stimulus [GO:0050982]","GO:0005262; GO:0005509; GO:0016020; GO:0030246; GO:0050982"
"1817",1817,527542,"Cluster_15775","FUN_008268",0.931130346130316,0.0214702776348296,0.88955502143681,155,-20.63,"2 22","195 212",20,"75.00%","75.00%",NA,NA,NA,NA,NA,NA
"1847",1847,532509,"Cluster_1862","FUN_040689",0.98897179438378,0.00138794229797963,0.545343267336266,169,-21.54,"2 18","593 616",16,"81.25%","93.75%",NA,NA,NA,NA,NA,NA
"1876",1876,540509,"Cluster_3366","FUN_015543",0.888310868864341,0.0440491206471639,0.96546924320845,153,-22.71,"2 14","136 159",12,"83.33%","91.67%",NA,NA,NA,NA,NA,NA
"1894",1894,548492,"Cluster_18711","FUN_011619",-0.905114959891679,0.0345820495015364,0.952409225428678,169,-21.12,"2 19","761 783",18,"83.33%","88.89%",NA,NA,NA,NA,NA,NA
"1899",1899,549528,"Cluster_10057","FUN_003898",0.979630113873169,0.00347924745250208,0.545343267336266,163,-22.05,"2 21","527 549",20,"75.00%","80.00%",NA,NA,NA,NA,NA,NA
"1904",1904,550911,"Cluster_18723","FUN_038202",0.922780365056995,0.0254583396281075,0.914225011702335,150,-22.67,"2 21","7 27",19,"68.42%","73.68%",NA,NA,NA,NA,NA,NA
"1916",1916,554072,"Cluster_18772","FUN_014804",0.959657908317892,0.00966775954318747,0.717681557663573,160,-21.21,"2 19","164 191",22,"77.27%","77.27%",NA,NA,NA,NA,NA,NA
"1927",1927,557631,"Cluster_3367","FUN_022543",-0.960219481549203,0.00946740491407129,0.717681557663573,163,-21.16,"2 22","275 297",20,"70.00%","85.00%",NA,NA,NA,NA,NA,NA
"1941",1941,561282,"Cluster_17776","FUN_008136",0.881149608817262,0.0482988590122213,0.96546924320845,146,-20.69,"2 20","707 724",18,"72.22%","72.22%",NA,NA,NA,NA,NA,NA
"1948",1948,563013,"Cluster_3367","FUN_005646",-0.91834045230983,0.027666353073052,0.914225011702335,152,-20.85,"2 21","339 362",19,"57.89%","78.95%",NA,NA,NA,NA,NA,NA
"2004",2004,576779,"Cluster_3366","FUN_026050",0.890236163709922,0.0429279311868107,0.96546924320845,155,-23.22,"2 22","851 879",25,"64.00%","76.00%",NA,NA,NA,NA,NA,NA
"2009",2009,578480,"Cluster_16409","FUN_019787",0.912436100242777,0.0306925837127653,0.922979388371587,170,-23.37,"2 20","523 545",19,"78.95%","89.47%",NA,NA,NA,NA,NA,NA
"2010",2010,578519,"Cluster_16409","FUN_019788",0.912436100242777,0.0306925837127653,0.922979388371587,170,-23.37,"2 20","523 545",19,"78.95%","89.47%",NA,NA,NA,NA,NA,NA
"2078",2078,596280,"Cluster_3367","FUN_031944",-0.970032542846498,0.00619935937556317,0.646579426239839,161,-27.7,"2 23","568 588",21,"71.43%","85.71%",NA,NA,NA,NA,NA,NA
"2132",2132,608825,"Cluster_18711","FUN_036658",-0.980395448057802,0.00328539797028087,0.545343267336266,166,-20.3,"2 20","21 43",19,"78.95%","84.21%",NA,NA,NA,NA,NA,NA
"2147",2147,614688,"Cluster_3367","FUN_018272",0.94156349811638,0.0168080110027922,0.839818475412396,164,-20.09,"2 23","271 293",21,"66.67%","85.71%",NA,NA,NA,NA,NA,NA
"2153",2153,616605,"Cluster_5900","FUN_041316",0.89072092476841,0.0426470819650211,0.96546924320845,159,-21.59,"2 21","152 176",22,"72.73%","72.73%",NA,NA,NA,NA,NA,NA
"2181",2181,625187,"Cluster_10051","FUN_013801",0.973950013786862,0.00502736934165484,0.59526595061023,152,-22.29,"2 18","370 392",17,"76.47%","76.47%",NA,NA,NA,NA,NA,NA
"2197",2197,631122,"Cluster_14768","FUN_000656",0.929222172391746,0.0223621946443423,0.900124376770459,150,-20.84,"2 20","178 202",22,"68.18%","68.18%",NA,NA,NA,NA,NA,NA
"2198",2198,631122,"Cluster_14768","FUN_000656",0.929222172391746,0.0223621946443423,0.900124376770459,150,-20.84,"2 20","178 202",22,"68.18%","68.18%",NA,NA,NA,NA,NA,NA
"2207",2207,633157,"Cluster_15928","FUN_028180",-0.891629842244459,0.042122076655814,0.96546924320845,163,-20.06,"2 20","347 368",18,"77.78%","77.78%","ptg000021l:16533082-16587466","O73853","Steroid 17-alpha-hydroxylase/17,20 lyase (EC 1.14.14.19) (EC 1.14.14.32) (17-alpha-hydroxyprogesterone aldolase) (CYPXVII) (Cytochrome P450 17A1) (Cytochrome P450-C17) (Cytochrome P450c17)","Ictalurus punctatus (Channel catfish) (Silurus punctatus)","steroid biosynthetic process [GO:0006694]","GO:0004508; GO:0005506; GO:0006694; GO:0016020; GO:0020037; GO:0047442"
"2243",2243,641060,"Cluster_10051","FUN_013936",0.978580789954302,0.00375092828341029,0.545343267336266,152,-22.29,"2 18","250 272",17,"76.47%","76.47%",NA,NA,NA,NA,NA,NA
"2245",2245,641956,"Cluster_5981","FUN_034898",0.963993725212303,0.00815720831608488,0.68407245151765,143,-20.02,"2 21","360 381",20,"70.00%","75.00%",NA,NA,NA,NA,NA,NA
"2275",2275,649363,"Cluster_5012","FUN_002342",0.973893925144242,0.00504357204244837,0.596107939419204,146,-20.87,"2 20","692 713",19,"63.16%","73.68%",NA,NA,NA,NA,NA,NA
"2296",2296,654896,"Cluster_3366","FUN_039470",0.888310868864341,0.0440491206471639,0.96546924320845,164,-25.81,"2 23","962 984",21,"66.67%","85.71%","ptg000030l:451062-455677","P14381","Transposon TX1 uncharacterized 149 kDa protein (ORF 2)","Xenopus laevis (African clawed frog)","","GO:0003824"
"2301",2301,656207,"Cluster_16409","FUN_037296",0.970911358215383,0.00592945735113148,0.635704442702164,146,-20.93,"2 21","503 519",19,"68.42%","73.68%","ptg000026l:8345023-8350570","B8V7S0","CUB and peptidase domain-containing protein 1","Acropora millepora (Staghorn coral) (Heteropora millepora)","proteolysis [GO:0006508]","GO:0004252; GO:0005576; GO:0006508"
"2322",2322,662385,"Cluster_3367","FUN_005639",-0.91834045230983,0.027666353073052,0.914225011702335,152,-20.85,"2 21","339 362",19,"57.89%","78.95%",NA,NA,NA,NA,NA,NA
"2345",2345,669713,"Cluster_2463","FUN_001844",0.93037473208988,0.0218220605908716,0.893410997624977,158,-20.51,"2 18","205 226",17,"82.35%","88.24%",NA,NA,NA,NA,NA,NA
"2353",2353,671361,"Cluster_5900","FUN_017225",0.913601217338232,0.0300874498463117,0.922979388371587,146,-20.28,"2 16","420 443",16,"75.00%","75.00%",NA,NA,NA,NA,NA,NA
"2388",2388,678928,"Cluster_5981","FUN_002032",0.965113242711184,0.00778106354057353,0.677079544727381,172,-27.81,"2 22","878 901",21,"76.19%","85.71%",NA,NA,NA,NA,NA,NA
"2394",2394,681134,"Cluster_18772","FUN_008620",-0.885026412931428,0.045982834248485,0.96546924320845,175,-22.35,"2 20","949 971",18,"83.33%","88.89%",NA,NA,NA,NA,NA,NA
"2413",2413,685315,"Cluster_3250","FUN_015574",0.930820292742754,0.0216144018865856,0.890973145755446,170,-20.77,"2 21","489 509",19,"84.21%","84.21%",NA,NA,NA,NA,NA,NA
"2429",2429,691439,"Cluster_3366","FUN_041829",0.96870312590872,0.00661509267158132,0.661457911465912,164,-27.09,"2 23","97 122",23,"69.57%","82.61%",NA,NA,NA,NA,NA,NA
"2432",2432,692133,"Cluster_19193","FUN_001354",0.900622422690111,0.0370411435512327,0.96546924320845,155,-20.92,"2 21","588 611",21,"66.67%","76.19%",NA,NA,NA,NA,NA,NA
"2436",2436,693168,"Cluster_10228","FUN_040720",0.88203253918906,0.0477682298260038,0.96546924320845,160,-25.5,"2 21","198 220",19,"63.16%","84.21%","ptg000031l:12397406-12398275","Q0IH87","Paired box protein Pax-3-B (xPax3-B) (Paired-domain transcription factor Pax3-B)","Xenopus laevis (African clawed frog)","fibroblast growth factor receptor signaling pathway [GO:0008543]; hatching gland development [GO:0048785]; nervous system development [GO:0007399]; neural crest cell fate commitment [GO:0014034]; neural crest formation [GO:0014029]; positive regulation of DNA-templated transcription [GO:0045893]; Wnt signaling pathway [GO:0016055]","GO:0000981; GO:0003677; GO:0005634; GO:0007399; GO:0008543; GO:0014029; GO:0014034; GO:0016055; GO:0045893; GO:0048785"
"2467",2467,700371,"Cluster_3367","FUN_041060",-0.91834045230983,0.027666353073052,0.914225011702335,159,-20.06,"2 19","819 842",18,"77.78%","88.89%",NA,NA,NA,NA,NA,NA
"2475",2475,703649,"Cluster_4220","FUN_031529",-0.919394723755509,0.0271367122765176,0.914225011702335,167,-28.12,"2 21","276 300",22,"72.73%","81.82%","ptg000023l:22528802-22534960","Q40723","Ras-related protein RGP2 (GTP-binding regulatory protein RGP2)","Oryza sativa subsp. japonica (Rice)","","GO:0003924; GO:0005525; GO:0005768; GO:0005794; GO:0005886"
"2486",2486,706302,"Cluster_4254","FUN_027208",0.990139574386811,0.00117363744401445,0.545343267336266,168,-20.44,"2 19","713 733",17,"88.24%","88.24%",NA,NA,NA,NA,NA,NA
"2500",2500,710277,"Cluster_3367","FUN_000494",-0.948855952045759,0.013777373638824,0.780657911162811,146,-20.66,"2 15","340 363",13,"69.23%","84.62%","ntLink_6:3634396-3636391","Q4R683","Cytidine and dCMP deaminase domain-containing protein 1 (EC 3.5.4.5) (Cytidine deaminase)","Macaca fascicularis (Crab-eating macaque) (Cynomolgus monkey)","DNA cytosine deamination [GO:0070383]","GO:0004126; GO:0005634; GO:0005737; GO:0008270; GO:0042803; GO:0061676; GO:0070383"
"2516",2516,713981,"Cluster_3366","FUN_028569",0.888310868864341,0.0440491206471639,0.96546924320845,152,-23.13,"2 22","752 772",20,"65.00%","85.00%",NA,NA,NA,NA,NA,NA
"2539",2539,719689,"Cluster_10419","FUN_005951",-0.911459476837608,0.0312027888015098,0.927095055076847,164,-21.59,"2 17","923 944",15,"80.00%","93.33%",NA,NA,NA,NA,NA,NA
"2552",2552,721399,"Cluster_5981","FUN_040522",0.961191758006318,0.00912379283291792,0.714377796821481,155,-22.03,"2 21","162 185",20,"65.00%","80.00%","ptg000031l:9760480-9765176","Q5DU56","Protein NLRC3","Mus musculus (Mouse)","I-kappaB kinase/NF-kappaB signaling [GO:0007249]; intracellular signal transduction [GO:0035556]; negative regulation of cytokine production involved in inflammatory response [GO:1900016]; negative regulation of epithelial cell proliferation [GO:0050680]; negative regulation of fibroblast proliferation [GO:0048147]; negative regulation of I-kappaB kinase/NF-kappaB signaling [GO:0043124]; negative regulation of inflammatory response [GO:0050728]; negative regulation of innate immune response [GO:0045824]; negative regulation of interferon-alpha production [GO:0032687]; negative regulation of interferon-beta production [GO:0032688]; negative regulation of interleukin-1 beta production [GO:0032691]; negative regulation of interleukin-12 production [GO:0032695]; negative regulation of interleukin-6 production [GO:0032715]; negative regulation of NF-kappaB transcription factor activity [GO:0032088]; negative regulation of NIK/NF-kappaB signaling [GO:1901223]; negative regulation of NLRP3 inflammasome complex assembly [GO:1900226]; negative regulation of phosphatidylinositol 3-kinase signaling [GO:0014067]; negative regulation of tumor necrosis factor production [GO:0032720]; regulation of protein ubiquitination [GO:0031396]; response to lipopolysaccharide [GO:0032496]; T cell activation [GO:0042110]","GO:0005524; GO:0005737; GO:0005829; GO:0007249; GO:0014067; GO:0031396; GO:0032088; GO:0032496; GO:0032687; GO:0032688; GO:0032691; GO:0032695; GO:0032715; GO:0032720; GO:0034451; GO:0035556; GO:0036312; GO:0042110; GO:0043124; GO:0043231; GO:0045824; GO:0048147; GO:0048471; GO:0050680; GO:0050728; GO:1900016; GO:1900226; GO:1901223"
"2571",2571,725008,"Cluster_18728","FUN_016754",-0.958719638413883,0.0100055624471572,0.717681557663573,157,-26.06,"2 16","250 270",14,"85.71%","92.86%",NA,NA,NA,NA,NA,NA
"2581",2581,727529,"Cluster_14402","FUN_013639",0.908718443748873,0.0326490711777368,0.938222391732489,154,-23.12,"2 21","770 790",19,"63.16%","84.21%","ptg000008l:24836875-24844165","P31423","Metabotropic glutamate receptor 4 (mGluR4)","Rattus norvegicus (Rat)","adenylate cyclase-inhibiting G protein-coupled glutamate receptor signaling pathway [GO:0007196]; chemical synaptic transmission [GO:0007268]; G protein-coupled glutamate receptor signaling pathway [GO:0007216]; gamma-aminobutyric acid secretion [GO:0014051]; learning [GO:0007612]; negative regulation of apoptotic process [GO:0043066]; negative regulation of cell population proliferation [GO:0008285]; negative regulation of synaptic transmission [GO:0050805]; neuron projection development [GO:0031175]; positive regulation of MAPK cascade [GO:0043410]; presynaptic modulation of chemical synaptic transmission [GO:0099171]; regulation of neuron apoptotic process [GO:0043523]; regulation of synaptic transmission, glutamatergic [GO:0051966]; regulation of synaptic vesicle exocytosis [GO:2000300]; synaptic transmission, GABAergic [GO:0051932]; synaptic transmission, glutamatergic [GO:0035249]","GO:0001640; GO:0004930; GO:0005516; GO:0005886; GO:0007196; GO:0007216; GO:0007268; GO:0007612; GO:0008066; GO:0008285; GO:0014051; GO:0031175; GO:0031410; GO:0035249; GO:0043005; GO:0043066; GO:0043195; GO:0043198; GO:0043410; GO:0043523; GO:0048306; GO:0048787; GO:0050805; GO:0051932; GO:0051966; GO:0098688; GO:0098978; GO:0099171; GO:0150048; GO:2000300"
"2621",2621,738707,"Cluster_3366","FUN_041082",0.888310868864341,0.0440491206471639,0.96546924320845,157,-23.5,"2 18","264 287",16,"68.75%","87.50%",NA,NA,NA,NA,NA,NA
"2640",2640,743249,"Cluster_15340","FUN_017011",0.894339600913098,0.0405692107949411,0.96546924320845,152,-22.24,"2 21","708 729",19,"57.89%","78.95%",NA,NA,NA,NA,NA,NA
"2644",2644,744059,"Cluster_10051","FUN_013771",0.978580789954302,0.00375092828341026,0.545343267336266,152,-21.17,"2 18","385 407",17,"76.47%","76.47%",NA,NA,NA,NA,NA,NA
"2645",2645,744137,"Cluster_10051","FUN_013777",0.978580789954302,0.00375092828341026,0.545343267336266,152,-22.29,"2 18","250 272",17,"76.47%","76.47%",NA,NA,NA,NA,NA,NA
"2655",2655,746925,"Cluster_18723","FUN_018894",-0.969058804392155,0.00650299672929437,0.65809644381895,150,-20.34,"2 11","84 105",9,"100.00%","100.00%",NA,NA,NA,NA,NA,NA
"2671",2671,752358,"Cluster_3367","FUN_004413",-0.882535200357958,0.047466966746595,0.96546924320845,167,-22.91,"2 22","337 362",22,"77.27%","81.82%",NA,NA,NA,NA,NA,NA
"2701",2701,762342,"Cluster_3367","FUN_018647",-0.91834045230983,0.027666353073052,0.914225011702335,154,-20.77,"2 20","431 455",19,"63.16%","84.21%",NA,NA,NA,NA,NA,NA
"2704",2704,762968,"Cluster_4220","FUN_027959",0.910586916819464,0.0316609057188031,0.930231346604955,146,-22.81,"2 21","402 422",19,"63.16%","73.68%",NA,NA,NA,NA,NA,NA
"2710",2710,765206,"Cluster_15340","FUN_021078",0.917452102344503,0.0281151890024615,0.91821751926912,152,-24.73,"2 20","271 292",19,"73.68%","78.95%",NA,NA,NA,NA,NA,NA
"2755",2755,776024,"Cluster_1832","FUN_017983",0.945765705423933,0.0150376481830758,0.806418030288612,178,-24.35,"2 19","124 144",17,"82.35%","100.00%",NA,NA,NA,NA,NA,NA
"2756",2756,776034,"Cluster_4254","FUN_017983",0.917063401169944,0.0283123085859136,0.91957570445875,163,-21.48,"2 21","953 975",20,"75.00%","80.00%",NA,NA,NA,NA,NA,NA
"2824",2824,795188,"Cluster_10051","FUN_023440",0.928404130358632,0.0227481437676838,0.904208605256969,170,-21.68,"2 21","48 68",19,"78.95%","89.47%",NA,NA,NA,NA,NA,NA
"2834",2834,797784,"Cluster_19193","FUN_039408",0.920952433397918,0.0263602178674966,0.914225011702335,160,-20.02,"2 20","480 501",19,"78.95%","84.21%",NA,NA,NA,NA,NA,NA
"2868",2868,805357,"Cluster_3250","FUN_008423",0.977388854104582,0.00406760929145233,0.545343267336266,155,-21.83,"2 17","158 182",18,"77.78%","77.78%",NA,NA,NA,NA,NA,NA
"2889",2889,809016,"Cluster_19193","FUN_012699",0.909588274624816,0.0321878392872483,0.934271312307026,156,-20.59,"2 19","385 409",20,"75.00%","80.00%","ptg000008l:11486186-11496715","Q9EPS3","D-glucuronyl C5-epimerase (EC 5.1.3.17) (Heparan sulfate C5-epimerase) (Hsepi) (Heparin sulfate C5-epimerase) (Heparin/heparan sulfate:glucuronic acid C5-epimerase) (Heparosan-N-sulfate-glucuronate 5-epimerase)","Mus musculus (Mouse)","heparan sulfate proteoglycan biosynthetic process [GO:0015012]; heparin biosynthetic process [GO:0030210]","GO:0000139; GO:0005509; GO:0005794; GO:0015012; GO:0016857; GO:0030210; GO:0042803; GO:0047464; GO:0050379"
"2890",2890,809200,"Cluster_15775","FUN_043133",0.940892648805206,0.0170965189072738,0.844400311580421,168,-20.39,"2 22","513 537",22,"72.73%","81.82%",NA,NA,NA,NA,NA,NA
"2968",2968,834343,"Cluster_5981","FUN_037136",0.965113242711184,0.00778106354057353,0.677079544727381,157,-21.13,"2 22","48 70",20,"60.00%","80.00%",NA,NA,NA,NA,NA,NA
"2971",2971,836137,"Cluster_5981","FUN_002626",-0.980027543260989,0.00337812497848748,0.545343267336266,153,-20.47,"2 22","475 497",20,"65.00%","70.00%",NA,NA,NA,NA,NA,NA
"2993",2993,842717,"Cluster_2463","FUN_019853",0.913377051820482,0.0302035752460684,0.922979388371587,155,-20.89,"2 21","436 454",19,"73.68%","84.21%",NA,NA,NA,NA,NA,NA
"3002",3002,844523,"Cluster_10051","FUN_022389",0.99711235936688,0.000186191723320705,0.393371538720933,164,-21.19,"2 19","474 494",17,"82.35%","88.24%","ptg000016l:8501864-8545488","Q96M86","Dynein heavy chain domain-containing protein 1 (Coiled-coil domain-containing protein 35) (Dynein heavy chain domain 1-like protein)","Homo sapiens (Human)","cilium movement [GO:0003341]; flagellated sperm motility [GO:0030317]; microtubule-based movement [GO:0007018]; sperm flagellum assembly [GO:0120316]","GO:0003341; GO:0005524; GO:0007018; GO:0008569; GO:0030286; GO:0030317; GO:0036126; GO:0036156; GO:0045505; GO:0051959; GO:0070062; GO:0120316"
"3009",3009,846060,"Cluster_17776","FUN_004275",0.90561694605623,0.034310646508512,0.950736619239696,145,-22.92,"2 10","667 688",8,"100.00%","100.00%",NA,NA,NA,NA,NA,NA
"3018",3018,849101,"Cluster_16409","FUN_020726",0.912436100242777,0.0306925837127653,0.922979388371587,170,-23.37,"2 20","523 545",19,"78.95%","89.47%",NA,NA,NA,NA,NA,NA
"3055",3055,856349,"Cluster_15340","FUN_029642",0.880340901416551,0.0487865044012962,0.96546924320845,157,-21.2,"2 19","835 858",19,"73.68%","78.95%",NA,NA,NA,NA,NA,NA
"3074",3074,864219,"Cluster_10057","FUN_005127",0.913288973765842,0.0302492419807902,0.922979388371587,157,-20.39,"2 19","610 632",18,"77.78%","77.78%",NA,NA,NA,NA,NA,NA
"3093",3093,867611,"Cluster_10051","FUN_029089",0.978580789954302,0.00375092828341026,0.545343267336266,147,-20.05,"2 17","243 265",16,"68.75%","81.25%",NA,NA,NA,NA,NA,NA
"3120",3120,873728,"Cluster_4220","FUN_029569",0.89053071415118,0.0427572118172664,0.96546924320845,163,-21.41,"2 17","783 807",18,"83.33%","83.33%",NA,NA,NA,NA,NA,NA
"3160",3160,887063,"Cluster_3366","FUN_014822",0.888310868864341,0.0440491206471639,0.96546924320845,170,-22.31,"2 23","30 53",21,"71.43%","80.95%","ptg000009l:3452313-3453601","Q6UXI7","Vitrin","Homo sapiens (Human)","extracellular matrix organization [GO:0030198]; positive regulation of cell-substrate adhesion [GO:0010811]; spinal cord development [GO:0021510]","GO:0005539; GO:0005576; GO:0005614; GO:0010811; GO:0021510; GO:0030198; GO:0062023"
"3166",3166,888632,"Cluster_10051","FUN_040273",-0.971023628272827,0.00589526287201513,0.633716525723998,147,-21.84,"2 21","647 671",22,"59.09%","72.73%",NA,NA,NA,NA,NA,NA
"3190",3190,897061,"Cluster_10419","FUN_037853",-0.911992092573669,0.0309242064091859,0.924732751073243,163,-20.25,"2 21","339 364",23,"73.91%","73.91%","ptg000026l:14390323-14395458","P38487","Creatinase (EC 3.5.3.3) (Creatine amidinohydrolase)","Bacillus sp. (strain B-0618)","","GO:0016980"
"3201",3201,898999,"Cluster_3437","FUN_015054",-0.925932783067388,0.0239269919652675,0.911947326397717,168,-20.64,"2 22","932 955",21,"76.19%","80.95%",NA,NA,NA,NA,NA,NA
"3274",3274,927827,"Cluster_10051","FUN_028533",0.978580789954302,0.00375092828341026,0.545343267336266,171,-20.94,"2 21","838 860",20,"80.00%","85.00%",NA,NA,NA,NA,NA,NA
"3286",3286,931573,"Cluster_10093","FUN_004824",0.892231247691693,0.0417758333428006,0.96546924320845,159,-21.49,"2 21","655 678",21,"66.67%","80.95%",NA,NA,NA,NA,NA,NA
"3305",3305,935189,"Cluster_3366","FUN_034461",0.888310868864341,0.0440491206471639,0.96546924320845,174,-21.35,"2 23","394 415",21,"85.71%","85.71%",NA,NA,NA,NA,NA,NA
"3310",3310,937329,"Cluster_1862","FUN_022873",0.900403409925386,0.0371623981684278,0.96546924320845,172,-21.74,"2 21","202 225",19,"68.42%","94.74%","ptg000017l:942960-943967","P52953","Homeobox protein MSX-2 (Homeobox protein Hox-8-1)","Rattus norvegicus (Rat)","activation of meiosis [GO:0090427]; anterior/posterior pattern specification [GO:0009952]; BMP signaling pathway [GO:0030509]; BMP signaling pathway involved in heart development [GO:0061312]; bone morphogenesis [GO:0060349]; bone trabecula formation [GO:0060346]; branching involved in mammary gland duct morphogenesis [GO:0060444]; cartilage development [GO:0051216]; cellular response to estradiol stimulus [GO:0071392]; cellular response to growth factor stimulus [GO:0071363]; chondrocyte development [GO:0002063]; embryonic digit morphogenesis [GO:0042733]; embryonic forelimb morphogenesis [GO:0035115]; embryonic hindlimb morphogenesis [GO:0035116]; embryonic limb morphogenesis [GO:0030326]; embryonic morphogenesis [GO:0048598]; embryonic nail plate morphogenesis [GO:0035880]; enamel mineralization [GO:0070166]; endochondral bone growth [GO:0003416]; epithelial to mesenchymal transition involved in endocardial cushion formation [GO:0003198]; frontal suture morphogenesis [GO:0060364]; mammary gland epithelium development [GO:0061180]; mesenchymal cell apoptotic process [GO:0097152]; negative regulation of apoptotic process [GO:0043066]; negative regulation of cell population proliferation [GO:0008285]; negative regulation of CREB transcription factor activity [GO:0032792]; negative regulation of DNA-templated transcription [GO:0045892]; negative regulation of fat cell differentiation [GO:0045599]; negative regulation of keratinocyte differentiation [GO:0045617]; negative regulation of transcription by RNA polymerase II [GO:0000122]; negative regulation of transcription regulatory region DNA binding [GO:2000678]; odontogenesis [GO:0042476]; ossification [GO:0001503]; osteoblast development [GO:0002076]; osteoblast differentiation [GO:0001649]; outflow tract morphogenesis [GO:0003151]; outflow tract septum morphogenesis [GO:0003148]; positive regulation of apoptotic process [GO:0043065]; positive regulation of BMP signaling pathway [GO:0030513]; positive regulation of cell death [GO:0010942]; positive regulation of mesenchymal cell apoptotic process [GO:2001055]; positive regulation of osteoblast differentiation [GO:0045669]; positive regulation of timing of catagen [GO:0051795]; regulation of apoptotic process [GO:0042981]; regulation of transcription by RNA polymerase II [GO:0006357]; signal transduction involved in regulation of gene expression [GO:0023019]; stem cell differentiation [GO:0048863]; transcription by RNA polymerase II [GO:0006366]; wound healing [GO:0042060]; wound healing, spreading of epidermal cells [GO:0035313]","GO:0000122; GO:0000976; GO:0000977; GO:0000978; GO:0000981; GO:0001227; GO:0001503; GO:0001649; GO:0002063; GO:0002076; GO:0003148; GO:0003151; GO:0003198; GO:0003416; GO:0003677; GO:0005634; GO:0005667; GO:0006357; GO:0006366; GO:0008285; GO:0009952; GO:0010942; GO:0023019; GO:0030326; GO:0030509; GO:0030513; GO:0032792; GO:0035115; GO:0035116; GO:0035313; GO:0035880; GO:0042060; GO:0042476; GO:0042733; GO:0042981; GO:0043065; GO:0043066; GO:0043565; GO:0045599; GO:0045617; GO:0045669; GO:0045892; GO:0048598; GO:0048863; GO:0051216; GO:0051795; GO:0060346; GO:0060349; GO:0060364; GO:0060444; GO:0061180; GO:0061312; GO:0070166; GO:0071363; GO:0071392; GO:0090427; GO:0097152; GO:1990837; GO:2000678; GO:2001055"
"3320",3320,940973,"Cluster_10207","FUN_024260",-0.946398188227218,0.0147767891703283,0.801301622128722,149,-22.38,"2 19","365 386",18,"61.11%","83.33%","ptg000018l:4102480-4105734","Q8K3Z0","Nucleotide-binding oligomerization domain-containing protein 2 (Caspase recruitment domain-containing protein 15)","Mus musculus (Mouse)","activation of immune response [GO:0002253]; biosynthetic process of antibacterial peptides active against Gram-positive bacteria [GO:0002815]; cellular response to lipopolysaccharide [GO:0071222]; cellular response to muramyl dipeptide [GO:0071225]; cellular response to organic cyclic compound [GO:0071407]; cellular response to peptidoglycan [GO:0071224]; defense response [GO:0006952]; defense response to bacterium [GO:0042742]; defense response to Gram-positive bacterium [GO:0050830]; detection of bacterium [GO:0016045]; detection of biotic stimulus [GO:0009595]; detection of muramyl dipeptide [GO:0032498]; ERK1 and ERK2 cascade [GO:0070371]; establishment of localization in cell [GO:0051649]; I-kappaB kinase/NF-kappaB signaling [GO:0007249]; inflammatory response [GO:0006954]; innate immune response [GO:0045087]; innate immune response in mucosa [GO:0002227]; intracellular signal transduction [GO:0035556]; JNK cascade [GO:0007254]; maintenance of gastrointestinal epithelium [GO:0030277]; MAPK cascade [GO:0000165]; negative regulation of inflammatory response to antigenic stimulus [GO:0002862]; negative regulation of interleukin-12 production [GO:0032695]; negative regulation of interleukin-18 production [GO:0032701]; negative regulation of interleukin-2 production [GO:0032703]; negative regulation of macrophage apoptotic process [GO:2000110]; negative regulation of macrophage cytokine production [GO:0010936]; negative regulation of NF-kappaB transcription factor activity [GO:0032088]; negative regulation of T cell mediated immunity [GO:0002710]; negative regulation of toll-like receptor 2 signaling pathway [GO:0034136]; negative regulation of tumor necrosis factor production [GO:0032720]; negative regulation of type II interferon production [GO:0032689]; NIK/NF-kappaB signaling [GO:0038061]; nucleotide-binding oligomerization domain containing 2 signaling pathway [GO:0070431]; pattern recognition receptor signaling pathway [GO:0002221]; peptidyl-tyrosine phosphorylation [GO:0018108]; phagocytosis [GO:0006909]; positive regulation of antibacterial peptide biosynthetic process [GO:0006963]; positive regulation of B cell activation [GO:0050871]; positive regulation of biosynthetic process of antibacterial peptides active against Gram-positive bacteria [GO:0006965]; positive regulation of cell population proliferation [GO:0008284]; positive regulation of cytokine production involved in immune response [GO:0002720]; positive regulation of cytokine production involved in inflammatory response [GO:1900017]; positive regulation of dendritic cell antigen processing and presentation [GO:0002606]; positive regulation of dendritic cell cytokine production [GO:0002732]; positive regulation of epithelial cell proliferation [GO:0050679]; positive regulation of ERK1 and ERK2 cascade [GO:0070374]; positive regulation of humoral immune response mediated by circulating immunoglobulin [GO:0002925]; positive regulation of I-kappaB kinase/NF-kappaB signaling [GO:0043123]; positive regulation of innate immune response [GO:0045089]; positive regulation of interleukin-1 beta production [GO:0032731]; positive regulation of interleukin-10 production [GO:0032733]; positive regulation of interleukin-12 production [GO:0032735]; positive regulation of interleukin-17 production [GO:0032740]; positive regulation of interleukin-6 production [GO:0032755]; positive regulation of interleukin-8 production [GO:0032757]; positive regulation of JNK cascade [GO:0046330]; positive regulation of macrophage cytokine production [GO:0060907]; positive regulation of MAP kinase activity [GO:0043406]; positive regulation of MAPK cascade [GO:0043410]; positive regulation of monocyte chemotactic protein-1 production [GO:0071639]; positive regulation of NF-kappaB transcription factor activity [GO:0051092]; positive regulation of NIK/NF-kappaB signaling [GO:1901224]; positive regulation of nitric-oxide synthase biosynthetic process [GO:0051770]; positive regulation of Notch signaling pathway [GO:0045747]; positive regulation of oxidoreductase activity [GO:0051353]; positive regulation of peptidyl-tyrosine phosphorylation [GO:0050731]; positive regulation of phagocytosis [GO:0050766]; positive regulation of phosphatidylinositol 3-kinase activity [GO:0043552]; positive regulation of prostaglandin-E synthase activity [GO:2000363]; positive regulation of prostaglandin-endoperoxide synthase activity [GO:0060585]; positive regulation of protein K63-linked ubiquitination [GO:1902523]; positive regulation of protein ubiquitination [GO:0031398]; positive regulation of stress-activated MAPK cascade [GO:0032874]; positive regulation of transcription by RNA polymerase II [GO:0045944]; positive regulation of tumor necrosis factor production [GO:0032760]; positive regulation of type 2 immune response [GO:0002830]; positive regulation of xenophagy [GO:1904417]; regulation of inflammatory response [GO:0050727]; regulation of neutrophil chemotaxis [GO:0090022]; response to exogenous dsRNA [GO:0043330]; response to lipopolysaccharide [GO:0032496]; response to muramyl dipeptide [GO:0032495]; response to nutrient [GO:0007584]; response to peptidoglycan [GO:0032494]; signal transduction [GO:0007165]; stress-activated MAPK cascade [GO:0051403]; toll-like receptor 2 signaling pathway [GO:0034134]; xenophagy [GO:0098792]","GO:0000165; GO:0002221; GO:0002227; GO:0002253; GO:0002606; GO:0002710; GO:0002720; GO:0002732; GO:0002815; GO:0002830; GO:0002862; GO:0002925; GO:0003779; GO:0005524; GO:0005737; GO:0005794; GO:0005829; GO:0005856; GO:0005886; GO:0006909; GO:0006952; GO:0006954; GO:0006963; GO:0006965; GO:0007165; GO:0007249; GO:0007254; GO:0007584; GO:0008284; GO:0009595; GO:0009986; GO:0010936; GO:0016045; GO:0016323; GO:0018108; GO:0019899; GO:0019901; GO:0030277; GO:0030544; GO:0031398; GO:0031982; GO:0032088; GO:0032494; GO:0032495; GO:0032496; GO:0032498; GO:0032500; GO:0032689; GO:0032695; GO:0032701; GO:0032703; GO:0032720; GO:0032731; GO:0032733; GO:0032735; GO:0032740; GO:0032755; GO:0032757; GO:0032760; GO:0032874; GO:0032991; GO:0034134; GO:0034136; GO:0035556; GO:0038061; GO:0038187; GO:0042742; GO:0042834; GO:0043123; GO:0043330; GO:0043406; GO:0043410; GO:0043552; GO:0044877; GO:0045087; GO:0045089; GO:0045335; GO:0045747; GO:0045944; GO:0046330; GO:0050679; GO:0050700; GO:0050727; GO:0050731; GO:0050766; GO:0050830; GO:0050871; GO:0051092; GO:0051353; GO:0051403; GO:0051649; GO:0051770; GO:0051879; GO:0060585; GO:0060907; GO:0070371; GO:0070374; GO:0070431; GO:0071222; GO:0071224; GO:0071225; GO:0071407; GO:0071639; GO:0090022; GO:0098792; GO:1900017; GO:1901224; GO:1902523; GO:1904417; GO:2000110; GO:2000363"
"3342",3342,950591,"Cluster_2463","FUN_002930",-0.892464843933718,0.0416415916519815,0.96546924320845,179,-25.95,"2 21","743 765",20,"85.00%","90.00%",NA,NA,NA,NA,NA,NA
"3343",3343,950750,"Cluster_3366","FUN_002935",0.909204539208535,0.0323910575218071,0.936038830949265,161,-22.35,"2 19","423 450",21,"71.43%","80.95%",NA,NA,NA,NA,NA,NA
"3362",3362,956011,"Cluster_1951","FUN_014499",0.947520043695962,0.0143177722601088,0.789685182794853,164,-20.1,"2 18","970 994",19,"78.95%","84.21%","ptg000009l:672486-674343","Q6DE37","Glucoside xylosyltransferase 2 (EC 2.4.2.42) (Glycosyltransferase 8 domain-containing protein 4)","Xenopus laevis (African clawed frog)","O-glycan processing [GO:0016266]","GO:0016020; GO:0016266; GO:0035252; GO:0140563"
"3367",3367,957164,"Cluster_15340","FUN_009243",-0.898144042659504,0.038420626879773,0.96546924320845,167,-20.43,"2 21","344 366",20,"75.00%","85.00%",NA,NA,NA,NA,NA,NA
"3369",3369,958231,"Cluster_1826","FUN_021020",0.960566003787893,0.00934446304885304,0.717681557663573,163,-20.28,"2 21","614 636",20,"70.00%","85.00%",NA,NA,NA,NA,NA,NA
"3395",3395,966540,"Cluster_1862","FUN_034095",0.979159544197398,0.00360024762062114,0.545343267336266,173,-21.21,"2 23","973 998",23,"73.91%","82.61%",NA,NA,NA,NA,NA,NA
"3435",3435,977708,"Cluster_10051","FUN_018974",0.972275921067839,0.00551829871221388,0.615122200582249,155,-23.11,"2 21","894 920",24,"62.50%","75.00%",NA,NA,NA,NA,NA,NA
"3451",3451,981536,"Cluster_14402","FUN_027471",-0.88954103184429,0.0433316800971623,0.96546924320845,167,-20.73,"2 20","263 284",18,"77.78%","83.33%",NA,NA,NA,NA,NA,NA
"3461",3461,982582,"Cluster_5981","FUN_006649",0.960485624156678,0.0093729338037559,0.717681557663573,164,-20.99,"2 21","741 763",19,"73.68%","78.95%","ptg000001l:15146869-15152538","Q27888","L-lactate dehydrogenase (LDH) (EC 1.1.1.27)","Caenorhabditis elegans","carboxylic acid metabolic process [GO:0019752]","GO:0004459; GO:0005737; GO:0019752"
"3462",3462,982611,"Cluster_2859","FUN_008226",0.895056470766271,0.040161512926661,0.96546924320845,147,-21.37,"2 22","216 241",23,"65.22%","69.57%","ptg000002l:9473515-9475341","Q9JJS6","Beta,beta-carotene 15,15'-dioxygenase (EC 1.13.11.63) (Beta-carotene dioxygenase 1) (Beta-carotene oxygenase 1)","Mus musculus (Mouse)","beta-carotene metabolic process [GO:1901810]; carotene catabolic process [GO:0016121]; retinal metabolic process [GO:0042574]; retinoid metabolic process [GO:0001523]; retinol metabolic process [GO:0042572]","GO:0001523; GO:0003834; GO:0005829; GO:0010436; GO:0016121; GO:0042572; GO:0042574; GO:0046872; GO:1901810"
"3463",3463,982664,"Cluster_10207","FUN_041591",-0.897545558605285,0.0387561505122677,0.96546924320845,152,-20.33,"2 17","688 708",15,"73.33%","80.00%",NA,NA,NA,NA,NA,NA
"3499",3499,989673,"Cluster_3367","FUN_014272",-0.91834045230983,0.027666353073052,0.914225011702335,167,-21.86,"2 21","660 685",21,"76.19%","80.95%",NA,NA,NA,NA,NA,NA
"3501",3501,990146,"Cluster_5899","FUN_022343",-0.909992510834645,0.0319742081854053,0.932459259600562,141,-20.02,"2 21","671 700",27,"59.26%","70.37%",NA,NA,NA,NA,NA,NA
"3541",3541,1001217,"Cluster_3367","FUN_033784",-0.91626070905909,0.0287207716793092,0.922979388371587,165,-20.2,"2 23","125 149",22,"68.18%","81.82%",NA,NA,NA,NA,NA,NA
"3542",3542,1001217,"Cluster_3367","FUN_033784",-0.91626070905909,0.0287207716793092,0.922979388371587,165,-20.2,"2 23","221 245",22,"68.18%","81.82%",NA,NA,NA,NA,NA,NA
"3559",3559,1008089,"Cluster_10051","FUN_025386",0.881625074602777,0.0480128801489673,0.96546924320845,163,-20.65,"2 21","501 524",21,"71.43%","80.95%","ptg000019l:2144921-2147401","Q5F4A1","G2/M phase-specific E3 ubiquitin-protein ligase (EC 2.3.2.26) (G2/M phase-specific HECT-type E3 ubiquitin transferase)","Gallus gallus (Chicken)","apoptotic process [GO:0006915]","GO:0004842; GO:0005634; GO:0005730; GO:0005737; GO:0006915; GO:0046872"
"3563",3563,1009357,"Cluster_18728","FUN_038206",-0.958719638413883,0.0100055624471572,0.717681557663573,166,-24.41,"2 21","39 59",19,"78.95%","84.21%",NA,NA,NA,NA,NA,NA
"3571",3571,1010215,"Cluster_18728","FUN_024038",-0.911178110011102,0.0313502797344718,0.927986962503855,148,-21.59,"2 21","309 330",19,"63.16%","68.42%",NA,NA,NA,NA,NA,NA
"3609",3609,1018068,"Cluster_4254","FUN_012901",0.988405531088292,0.00149607509505869,0.545343267336266,154,-20.34,"2 20","44 68",21,"66.67%","76.19%",NA,NA,NA,NA,NA,NA
"3626",3626,1025210,"Cluster_10051","FUN_025954",0.993639608434193,0.0006083378812905,0.5367636898854,157,-22.18,"2 21","349 368",19,"73.68%","78.95%","ptg000020l:2384182-2387826","Q7RTR2","NLR family CARD domain-containing protein 3 (CARD15-like protein) (Caterpiller protein 16.2) (CLR16.2) (NACHT, LRR and CARD domains-containing protein 3) (Nucleotide-binding oligomerization domain protein 3)","Homo sapiens (Human)","I-kappaB kinase/NF-kappaB signaling [GO:0007249]; intracellular signal transduction [GO:0035556]; negative regulation of cytokine production involved in inflammatory response [GO:1900016]; negative regulation of epithelial cell proliferation [GO:0050680]; negative regulation of fibroblast proliferation [GO:0048147]; negative regulation of I-kappaB kinase/NF-kappaB signaling [GO:0043124]; negative regulation of inflammatory response [GO:0050728]; negative regulation of innate immune response [GO:0045824]; negative regulation of interferon-alpha production [GO:0032687]; negative regulation of interferon-beta production [GO:0032688]; negative regulation of interleukin-6 production [GO:0032715]; negative regulation of NF-kappaB transcription factor activity [GO:0032088]; negative regulation of NIK/NF-kappaB signaling [GO:1901223]; negative regulation of NLRP3 inflammasome complex assembly [GO:1900226]; negative regulation of phosphatidylinositol 3-kinase signaling [GO:0014067]; negative regulation of tumor necrosis factor production [GO:0032720]; T cell activation [GO:0042110]","GO:0005524; GO:0005737; GO:0005829; GO:0007249; GO:0014067; GO:0032088; GO:0032687; GO:0032688; GO:0032715; GO:0032720; GO:0034451; GO:0035556; GO:0036312; GO:0042110; GO:0043124; GO:0043231; GO:0045824; GO:0048147; GO:0048471; GO:0050680; GO:0050728; GO:1900016; GO:1900226; GO:1901223"
"3639",3639,1029703,"Cluster_15316","FUN_031240",0.987112716818925,0.00175280902511889,0.545343267336266,162,-20.32,"2 21","502 528",24,"75.00%","75.00%",NA,NA,NA,NA,NA,NA
"3653",3653,1034701,"Cluster_15928","FUN_016389",0.995492213564925,0.000363065499834431,0.404569712307988,161,-20.09,"2 20","379 399",18,"77.78%","83.33%",NA,NA,NA,NA,NA,NA
"3673",3673,1040927,"Cluster_10051","FUN_024899",0.915868778083621,0.0289208946311854,0.922979388371587,154,-22.44,"2 21","529 549",19,"63.16%","84.21%",NA,NA,NA,NA,NA,NA
"3677",3677,1042457,"Cluster_15340","FUN_035393",0.91524425740246,0.0292407010865815,0.922979388371587,167,-21.77,"2 20","389 410",18,"72.22%","88.89%",NA,NA,NA,NA,NA,NA
"3703",3703,1050863,"Cluster_3366","FUN_013441",0.979485291299236,0.00351634071926723,0.545343267336266,149,-20.43,"2 23","674 696",22,"63.64%","81.82%",NA,NA,NA,NA,NA,NA
"3707",3707,1052775,"Cluster_3367","FUN_008843",-0.91834045230983,0.027666353073052,0.914225011702335,159,-20.06,"2 19","819 842",18,"77.78%","88.89%",NA,NA,NA,NA,NA,NA
"3756",3756,1064912,"Cluster_10051","FUN_007609",0.978580789954302,0.00375092828341026,0.545343267336266,165,-22.11,"2 19","612 634",18,"77.78%","88.89%",NA,NA,NA,NA,NA,NA
"3768",3768,1067918,"Cluster_10207","FUN_002414",0.954522788231191,0.0115621781208051,0.756417382372095,158,-21.67,"2 20","966 987",19,"68.42%","84.21%",NA,NA,NA,NA,NA,NA
"3778",3778,1069437,"Cluster_10057","FUN_014681",0.895870705214726,0.0397000351374173,0.96546924320845,146,-26.12,"2 21","721 747",24,"62.50%","70.83%",NA,NA,NA,NA,NA,NA
"3796",3796,1075199,"Cluster_3366","FUN_004088",-0.966338509909935,0.00737613387218483,0.677079544727381,156,-20.9,"2 23","778 803",23,"60.87%","82.61%","ntLink_8:19080122-19105550","Q0KIA2","PP2C-like domain-containing protein CG9801","Drosophila melanogaster (Fruit fly)","",""
"3808",3808,1081799,"Cluster_10051","FUN_002849",0.934958820164893,0.0197166645265629,0.868390424516277,158,-21.97,"2 21","278 301",21,"66.67%","85.71%",NA,NA,NA,NA,NA,NA
"3818",3818,1083401,"Cluster_10207","FUN_033146",0.887810016126512,0.0443422908372885,0.96546924320845,163,-20.26,"2 20","544 564",18,"72.22%","83.33%",NA,NA,NA,NA,NA,NA
"3820",3820,1083813,"Cluster_1862","FUN_042954",0.932985492712366,0.0206144935084305,0.878945978594776,181,-26.27,"2 23","489 513",22,"77.27%","90.91%",NA,NA,NA,NA,NA,NA
"3824",3824,1085953,"Cluster_18728","FUN_013759",-0.958719638413883,0.0100055624471573,0.717681557663573,158,-24.04,"2 19","277 298",17,"76.47%","76.47%",NA,NA,NA,NA,NA,NA
"3851",3851,1096618,"Cluster_5981","FUN_035870",0.916117604887988,0.0287937899747496,0.922979388371587,160,-24.02,"2 21","188 210",19,"63.16%","84.21%",NA,NA,NA,NA,NA,NA
"3856",3856,1098606,"Cluster_5900","FUN_043410",-0.983031019325006,0.00264672589177186,0.545343267336266,162,-22.31,"2 21","364 388",22,"77.27%","77.27%","ptg000047l:8148819-8149947","P53454","D(5)-like dopamine receptor","Takifugu rubripes (Japanese pufferfish) (Fugu rubripes)","regulation of biological quality [GO:0065008]","GO:0004930; GO:0005886; GO:0065008"
"3863",3863,1099824,"Cluster_14768","FUN_009178",0.900311733131256,0.0372131918096321,0.96546924320845,150,-21.65,"2 17","304 323",15,"80.00%","80.00%","ptg000004l:3601615-3605818","Q96AY4","Tetratricopeptide repeat protein 28 (TPR repeat protein 28) (TPR repeat-containing big gene cloned at Keio)","Homo sapiens (Human)","cell cycle [GO:0007049]; cell division [GO:0051301]; regulation of mitotic cell cycle [GO:0007346]","GO:0000922; GO:0005737; GO:0005815; GO:0007049; GO:0007346; GO:0019900; GO:0030496; GO:0051301"
"3872",3872,1101321,"Cluster_19193","FUN_028837",0.887017169597595,0.0448076363337118,0.96546924320845,163,-24.66,"2 21","641 663",20,"70.00%","85.00%",NA,NA,NA,NA,NA,NA
"3904",3904,1110493,"Cluster_3250","FUN_006081",0.977388854104582,0.00406760929145233,0.545343267336266,175,-25.52,"2 21","845 867",20,"80.00%","90.00%",NA,NA,NA,NA,NA,NA
"3934",3934,1118342,"Cluster_10051","FUN_019442",0.972405796451194,0.00547967560671656,0.613503054224958,177,-24.59,"2 19","405 428",19,"89.47%","89.47%",NA,NA,NA,NA,NA,NA
"3942",3942,1121365,"Cluster_18728","FUN_028974",-0.976242455648011,0.00438008401342708,0.562617375579486,140,-21.49,"2 9","745 766",7,"100.00%","100.00%",NA,NA,NA,NA,NA,NA
"3951",3951,1123380,"Cluster_14768","FUN_004001",0.90728549040468,0.0334134693550686,0.945140915113237,141,-20.67,"2 20","11 30",18,"61.11%","72.22%","ntLink_8:17923962-17928036","P83852","Carboxypeptidase D (EC 3.4.17.22) (CPD-2) (Metallocarboxypeptidase D)","Lophonetta specularioides (Crested duck) (Anas specularioides)","proteolysis [GO:0006508]","GO:0004181; GO:0006508; GO:0008270; GO:0016020"
"3972",3972,1129639,"Cluster_1951","FUN_032813",-0.962521932705698,0.00866050057254566,0.701026172436446,171,-22.89,"2 21","848 871",21,"76.19%","85.71%",NA,NA,NA,NA,NA,NA
"3973",3973,1129653,"Cluster_10057","FUN_032813",-0.881994926886044,0.0477907964799245,0.96546924320845,163,-22.16,"2 21","157 180",21,"71.43%","80.95%",NA,NA,NA,NA,NA,NA
"3987",3987,1134951,"Cluster_4254","FUN_017754",0.886778167844242,0.0449482155556408,0.96546924320845,168,-22.69,"2 21","721 742",19,"68.42%","89.47%",NA,NA,NA,NA,NA,NA
"4004",4004,1137910,"Cluster_3250","FUN_022647",0.903449463979565,0.0354873946135757,0.957075830429796,145,-20.32,"2 15","98 124",18,"72.22%","72.22%",NA,NA,NA,NA,NA,NA
"4006",4006,1138374,"Cluster_1862","FUN_008116",0.91706870951821,0.0283096136141049,0.91953372332968,173,-23.1,"2 23","749 773",22,"72.73%","86.36%","ptg000002l:8212899-8216363","Q71MM5","Doublesex- and mab-3-related transcription factor 1","Danio rerio (Zebrafish) (Brachydanio rerio)","germ cell development [GO:0007281]; male germ cell proliferation [GO:0002176]; male gonad development [GO:0008584]; male sex determination [GO:0030238]; regulation of transcription by RNA polymerase II [GO:0006357]; sex differentiation [GO:0007548]","GO:0000978; GO:0000981; GO:0002176; GO:0005634; GO:0006357; GO:0007281; GO:0007548; GO:0008584; GO:0030238; GO:0046872"
"4011",4011,1139452,"Cluster_15775","FUN_014246",0.950621043656932,0.0130738520743087,0.766084851142397,160,-23.26,"2 22","494 519",23,"65.22%","78.26%",NA,NA,NA,NA,NA,NA
"4016",4016,1140620,"Cluster_15340","FUN_037537",-0.946073573195481,0.0149104864517547,0.804033725844593,147,-20.9,"2 18","863 889",21,"71.43%","71.43%",NA,NA,NA,NA,NA,NA
"4081",4081,1158818,"Cluster_4220","FUN_037094",-0.886999888942687,0.0448177960148634,0.96546924320845,171,-22.96,"2 21","293 315",20,"80.00%","85.00%",NA,NA,NA,NA,NA,NA
"4082",4082,1158893,"Cluster_3366","FUN_037096",0.904505747275725,0.0349123426242964,0.954386929517051,157,-20.21,"2 23","204 228",22,"59.09%","81.82%",NA,NA,NA,NA,NA,NA
"4087",4087,1160258,"Cluster_3366","FUN_033570",0.888310868864341,0.0440491206471639,0.96546924320845,166,-20.34,"2 19","448 471",17,"82.35%","82.35%",NA,NA,NA,NA,NA,NA
"4092",4092,1161210,"Cluster_14768","FUN_041715",-0.921640748295058,0.0260194246904613,0.914225011702335,161,-22.11,"2 19","50 71",18,"77.78%","83.33%",NA,NA,NA,NA,NA,NA
"4119",4119,1168533,"Cluster_5900","FUN_012178",0.881648160791344,0.0479990081541277,0.96546924320845,167,-21.27,"2 21","703 725",20,"75.00%","85.00%","ptg000008l:6082979-6095721","Q24572","Chromatin assembly factor 1 p55 subunit (CAF-1 p55 subunit) (CAF-1) (Nucleosome-remodeling factor 55 kDa subunit) (NURF-55)","Drosophila melanogaster (Fruit fly)","chromatin organization [GO:0006325]; chromatin remodeling [GO:0006338]; DNA replication-dependent chromatin assembly [GO:0006335]; eggshell chorion gene amplification [GO:0007307]; facultative heterochromatin formation [GO:0140718]; heterochromatin formation [GO:0031507]; histone deacetylation [GO:0016575]; negative regulation of DNA-templated transcription [GO:0045892]; negative regulation of transcription by RNA polymerase II [GO:0000122]; nucleosome organization [GO:0034728]; positive regulation of DNA-templated transcription [GO:0045893]; regulation of DNA-templated transcription [GO:0006355]; regulation of mitotic cell cycle [GO:0007346]; segment specification [GO:0007379]","GO:0000122; GO:0000976; GO:0005634; GO:0005667; GO:0005700; GO:0006325; GO:0006335; GO:0006338; GO:0006355; GO:0007307; GO:0007346; GO:0007379; GO:0016575; GO:0016581; GO:0016589; GO:0031507; GO:0031523; GO:0033186; GO:0034728; GO:0035097; GO:0035098; GO:0042393; GO:0042803; GO:0042826; GO:0045892; GO:0045893; GO:0070822; GO:0140718"
"4121",4121,1168734,"Cluster_10228","FUN_020870",-0.953881825789136,0.0118063234017635,0.762650818673689,157,-22.53,"2 22","152 171",20,"70.00%","80.00%",NA,NA,NA,NA,NA,NA
"4130",4130,1171053,"Cluster_19193","FUN_022469",0.96824479400018,0.00676046735214234,0.666067915013961,169,-21.37,"2 18","178 199",16,"81.25%","93.75%",NA,NA,NA,NA,NA,NA
"4151",4151,1174830,"Cluster_17776","FUN_024551",0.932825108812303,0.0206880329376491,0.879870949718888,160,-24.25,"2 21","59 80",19,"68.42%","78.95%",NA,NA,NA,NA,NA,NA
"4177",4177,1181108,"Cluster_16409","FUN_022664",0.920139320216983,0.0267646365114796,0.914225011702335,158,-20.96,"2 21","335 358",21,"71.43%","80.95%",NA,NA,NA,NA,NA,NA
"4190",4190,1186583,"Cluster_3366","FUN_039988",0.888310868864341,0.0440491206471639,0.96546924320845,142,-20.37,"2 23","98 127",27,"59.26%","74.07%",NA,NA,NA,NA,NA,NA
"4202",4202,1190068,"Cluster_10419","FUN_024475",0.89396845619105,0.0407808022661076,0.96546924320845,156,-21.08,"2 21","665 686",19,"68.42%","73.68%","ptg000018l:6800864-6805190","P20965","Polyadenylate-binding protein 1-A (PABP-1-A) (Poly(A)-binding protein 1-A) (xPABP1-A) (Cytoplasmic poly(A)-binding protein 1-A)","Xenopus laevis (African clawed frog)","mRNA processing [GO:0006397]; mRNA stabilization [GO:0048255]; negative regulation of nuclear-transcribed mRNA poly(A) tail shortening [GO:0060212]; positive regulation of nuclear-transcribed mRNA catabolic process, deadenylation-dependent decay [GO:1900153]; positive regulation of nuclear-transcribed mRNA poly(A) tail shortening [GO:0060213]; RNA-mediated gene silencing [GO:0031047]; translation [GO:0006412]","GO:0005737; GO:0005844; GO:0006397; GO:0006412; GO:0008143; GO:0031047; GO:0031370; GO:0043621; GO:0048255; GO:0060212; GO:0060213; GO:1900153"
"4228",4228,1196575,"Cluster_5981","FUN_000484",0.965113242711184,0.00778106354057353,0.677079544727381,157,-20.81,"2 22","47 69",20,"60.00%","80.00%",NA,NA,NA,NA,NA,NA
"4229",4229,1196596,"Cluster_18728","FUN_000484",-0.958719638413883,0.0100055624471572,0.717681557663573,140,-20.11,"2 9","920 941",7,"100.00%","100.00%",NA,NA,NA,NA,NA,NA
"4272",4272,1206552,"Cluster_3367","FUN_005665",-0.91834045230983,0.027666353073052,0.914225011702335,152,-20.85,"2 21","339 362",19,"57.89%","78.95%",NA,NA,NA,NA,NA,NA
"4321",4321,1218324,"Cluster_1862","FUN_017622",0.995693532787135,0.000339027428145737,0.393371538720933,163,-20.35,"2 21","739 763",20,"70.00%","85.00%",NA,NA,NA,NA,NA,NA
"4346",4346,1225084,"Cluster_5981","FUN_018376",0.991502576852876,0.000939096871218252,0.545343267336266,150,-21.35,"2 22","580 600",20,"65.00%","75.00%","ptg000012l:8649063-8658841","Q96AY4","Tetratricopeptide repeat protein 28 (TPR repeat protein 28) (TPR repeat-containing big gene cloned at Keio)","Homo sapiens (Human)","cell cycle [GO:0007049]; cell division [GO:0051301]; regulation of mitotic cell cycle [GO:0007346]","GO:0000922; GO:0005737; GO:0005815; GO:0007049; GO:0007346; GO:0019900; GO:0030496; GO:0051301"
"4347",4347,1225105,"Cluster_18728","FUN_018376",-0.972117222602966,0.00556561459709215,0.617565644211579,159,-21.71,"2 20","264 285",18,"72.22%","77.78%","ptg000012l:8649063-8658841","Q96AY4","Tetratricopeptide repeat protein 28 (TPR repeat protein 28) (TPR repeat-containing big gene cloned at Keio)","Homo sapiens (Human)","cell cycle [GO:0007049]; cell division [GO:0051301]; regulation of mitotic cell cycle [GO:0007346]","GO:0000922; GO:0005737; GO:0005815; GO:0007049; GO:0007346; GO:0019900; GO:0030496; GO:0051301"
"4424",4424,1249141,"Cluster_3437","FUN_040150",-0.889776610742124,0.0431947159208035,0.96546924320845,170,-23.09,"2 22","707 731",23,"78.26%","82.61%",NA,NA,NA,NA,NA,NA
"4449",4449,1255287,"Cluster_17776","FUN_038158",0.963064629680728,0.00847377040471592,0.696194485773984,157,-21.61,"2 14","88 109",12,"83.33%","100.00%",NA,NA,NA,NA,NA,NA
"4477",4477,1264991,"Cluster_15340","FUN_016048",0.916573884352466,0.0285611834742794,0.921903701075914,155,-22.43,"2 21","46 64",19,"73.68%","84.21%",NA,NA,NA,NA,NA,NA
"4483",4483,1268028,"Cluster_10228","FUN_025704",-0.922782863821467,0.0254571137119184,0.914225011702335,148,-21.08,"2 22","575 593",20,"70.00%","70.00%",NA,NA,NA,NA,NA,NA
"4492",4492,1270769,"Cluster_16409","FUN_020627",0.912436100242777,0.0306925837127653,0.922979388371587,170,-23.37,"2 20","523 545",19,"78.95%","89.47%",NA,NA,NA,NA,NA,NA
"4507",4507,1273738,"Cluster_18728","FUN_031987",-0.917789916417764,0.0279442357385929,0.916241285095535,158,-20.9,"2 19","491 512",17,"76.47%","76.47%",NA,NA,NA,NA,NA,NA
"4542",4542,1283082,"Cluster_10228","FUN_014575",0.942458837384802,0.0164254553264028,0.834900929840595,157,-21.71,"2 20","704 725",18,"72.22%","83.33%",NA,NA,NA,NA,NA,NA
"4556",4556,1288596,"Cluster_18723","FUN_023141",-0.926481193360391,0.0236637382302026,0.911947326397717,158,-21.46,"2 20","196 221",22,"68.18%","77.27%","ptg000017l:4112911-4113943","E7F7V7","Galanin receptor 2b","Danio rerio (Zebrafish) (Brachydanio rerio)","adenylate cyclase-modulating G protein-coupled receptor signaling pathway [GO:0007188]; neuropeptide signaling pathway [GO:0007218]","GO:0004966; GO:0005886; GO:0007188; GO:0007218; GO:0008528"
"4563",4563,1290240,"Cluster_1862","FUN_026831",0.997716478496002,0.000130946140340583,0.393371538720933,176,-23,"2 21","134 157",19,"68.42%","100.00%",NA,NA,NA,NA,NA,NA
"4566",4566,1290401,"Cluster_3366","FUN_026837",0.888310868864341,0.0440491206471639,0.96546924320845,160,-22.19,"2 18","650 674",17,"76.47%","88.24%",NA,NA,NA,NA,NA,NA
"4593",4593,1297226,"Cluster_3366","FUN_013919",0.888310868864341,0.0440491206471639,0.96546924320845,162,-24.19,"2 23","779 802",21,"66.67%","76.19%",NA,NA,NA,NA,NA,NA
"4620",4620,1303885,"Cluster_18728","FUN_018740",-0.958719638413883,0.0100055624471572,0.717681557663573,155,-25.54,"2 21","7 30",21,"66.67%","76.19%",NA,NA,NA,NA,NA,NA
"4622",4622,1304177,"Cluster_10051","FUN_025322",0.897880908055453,0.0385680315035593,0.96546924320845,158,-21.18,"2 21","727 750",21,"71.43%","80.95%",NA,NA,NA,NA,NA,NA
"4631",4631,1306000,"Cluster_3250","FUN_006054",0.977388854104582,0.00406760929145233,0.545343267336266,175,-25.52,"2 21","103 125",20,"80.00%","90.00%",NA,NA,NA,NA,NA,NA
"4638",4638,1307092,"Cluster_3250","FUN_032653",0.947230938750294,0.0144356099915736,0.79284365320448,154,-21.61,"2 17","838 858",15,"80.00%","86.67%","ptg000023l:34565271-34571367","Q8N2S1","Latent-transforming growth factor beta-binding protein 4 (LTBP-4)","Homo sapiens (Human)","elastic fiber assembly [GO:0048251]; hormone secretion [GO:0046879]; protein folding [GO:0006457]; regulation of cell growth [GO:0001558]; regulation of transforming growth factor beta receptor signaling pathway [GO:0017015]; transforming growth factor beta receptor signaling pathway [GO:0007179]","GO:0001527; GO:0001558; GO:0005024; GO:0005178; GO:0005509; GO:0005539; GO:0005576; GO:0005615; GO:0006457; GO:0007179; GO:0017015; GO:0031012; GO:0046879; GO:0048251; GO:0050431; GO:0062023"
