,source,target,region,Alignment,energy,total_bp_shared,query_similar,subject_similar,PCC.cor,PCC_magnitude,PCC_direction,p_value
1,ptuh-mir-novel-6,Pocillopora_meandrina_HIv1___RNAseq.g10347.t1,3UTR,Pocillopora_meandrina_HIv1___RNAseq.g10347.t1;2 22;912 934,-21.71,20,65.00%,80.00%,-0.981685694822282,0.981685694822282,-1,0.00296703624850726
2,ptuh-mir-novel-13,Pocillopora_meandrina_HIv1___RNAseq.g18208.t1,3UTR,Pocillopora_meandrina_HIv1___RNAseq.g18208.t1;2 11;94 115,-22.2,9,100.00%,100.00%,-0.987781180181153,0.987781180181153,-1,0.00161837872676055
3,ptuh-mir-novel-21,Pocillopora_meandrina_HIv1___RNAseq.g20733.t1,3UTR,Pocillopora_meandrina_HIv1___RNAseq.g20733.t1;2 19;249 269,-20.42,17,76.47%,82.35%,0.965837666525896,0.965837666525896,1,0.00754079408094521
4,ptuh-mir-novel-6,Pocillopora_meandrina_HIv1___RNAseq.g627.t1b,3UTR,Pocillopora_meandrina_HIv1___RNAseq.g627.t1b;2 17;49 71,-20.15,15,73.33%,93.33%,-0.981986205789269,0.981986205789269,-1,0.00289444080290838
5,ptuh-mir-novel-6,Pocillopora_meandrina_HIv1___TS.g23997.t1,3UTR,Pocillopora_meandrina_HIv1___TS.g23997.t1;2 22;372 394,-21.64,21,61.90%,85.71%,-0.97347675856656,0.97347675856656,-1,0.00516461966995338
6,ptuh-mir-novel-25,Pocillopora_meandrina_HIv1___RNAseq.g28481.t1,3UTR,Pocillopora_meandrina_HIv1___RNAseq.g28481.t1;2 17;447 468,-21.43,15,80.00%,86.67%,-0.968528512591817,0.968528512591817,-1,0.00667035424164904
7,ptuh-mir-2030,Pocillopora_meandrina_HIv1___RNAseq.g7360.t1,3UTR,Pocillopora_meandrina_HIv1___RNAseq.g7360.t1;2 21;40 61,-21.01,19,73.68%,84.21%,0.983640847512444,0.983640847512444,1,0.00250556964960435
8,ptuh-mir-novel-10,Pocillopora_meandrina_HIv1___TS.g5141.t1,3UTR,Pocillopora_meandrina_HIv1___TS.g5141.t1;2 21;240 266,-21.84,24,62.50%,79.17%,0.967616283342236,0.967616283342236,1,0.0069615023574331
9,ptuh-mir-2030,Pocillopora_meandrina_HIv1___TS.g16575.t1,3UTR,Pocillopora_meandrina_HIv1___TS.g16575.t1;2 20;921 943,-20.2,19,73.68%,78.95%,0.982768196936009,0.982768196936009,1,0.00270834633033426
10,ptuh-mir-2030,Pocillopora_meandrina_HIv1___RNAseq.g21663.t3,3UTR,Pocillopora_meandrina_HIv1___RNAseq.g21663.t3;2 21;134 157,-21.44,21,71.43%,80.95%,0.98901770010242,0.98901770010242,1,0.00137929473649854
11,ptuh-mir-novel-9,Pocillopora_meandrina_HIv1___TS.g12427.t1,3UTR,Pocillopora_meandrina_HIv1___TS.g12427.t1;2 21;426 448,-24.35,20,80.00%,95.00%,0.974320381559136,0.974320381559136,1,0.00492081150775928
12,ptuh-mir-novel-23,Pocillopora_meandrina_HIv1___TS.g6076.t1,3UTR,Pocillopora_meandrina_HIv1___TS.g6076.t1;2 20;480 503,-21.49,20,80.00%,85.00%,0.984428566503814,0.984428566503814,1,0.00232707166309416
13,ptuh-mir-novel-17,Pocillopora_meandrina_HIv1___TS.g9480.t1,3UTR,Pocillopora_meandrina_HIv1___TS.g9480.t1;2 18;838 859,-20.5,16,68.75%,93.75%,-0.9816904077195,0.9816904077195,-1,0.00296589315169402
14,ptuh-mir-novel-19,Pocillopora_meandrina_HIv1___RNAseq.g5368.t1,3UTR,Pocillopora_meandrina_HIv1___RNAseq.g5368.t1;2 20;459 480,-20.5,19,73.68%,84.21%,0.997797300050035,0.997797300050035,1,0.000124057585767372
15,ptuh-mir-novel-31,Pocillopora_meandrina_HIv1___RNAseq.g18023.t1,3UTR,Pocillopora_meandrina_HIv1___RNAseq.g18023.t1;2 20;866 886,-21.45,18,77.78%,83.33%,-0.960310243284543,0.960310243284543,-1,0.00943515284188613
16,ptuh-mir-2030,Pocillopora_meandrina_HIv1___RNAseq.g16419.t1,3UTR,Pocillopora_meandrina_HIv1___RNAseq.g16419.t1;2 20;916 938,-20.2,19,73.68%,78.95%,0.973906530382202,0.973906530382202,1,0.00503992918544744
17,ptuh-mir-2030,Pocillopora_meandrina_HIv1___RNAseq.g22875.t1,3UTR,Pocillopora_meandrina_HIv1___RNAseq.g22875.t1;2 19;811 832,-20.28,18,66.67%,83.33%,-0.969434363395785,0.969434363395785,-1,0.00638532169500294
18,ptuh-mir-novel-26,Pocillopora_meandrina_HIv1___RNAseq.g2284.t1,3UTR,Pocillopora_meandrina_HIv1___RNAseq.g2284.t1;2 21;818 838,-22.28,19,73.68%,84.21%,0.960253555050915,0.960253555050915,1,0.00945529270598953
19,ptuh-mir-novel-16,Pocillopora_meandrina_HIv1___RNAseq.g23266.t1,3UTR,Pocillopora_meandrina_HIv1___RNAseq.g23266.t1;2 21;19 41,-22.24,20,65.00%,80.00%,-0.987634431609457,0.987634431609457,-1,0.00164758487769032
20,ptuh-mir-novel-16,Pocillopora_meandrina_HIv1___RNAseq.g23266.t1,3UTR,Pocillopora_meandrina_HIv1___RNAseq.g23266.t1;2 21;198 220,-22.24,20,65.00%,80.00%,-0.987634431609457,0.987634431609457,-1,0.00164758487769032
21,ptuh-mir-novel-16,Pocillopora_meandrina_HIv1___RNAseq.g23266.t1,3UTR,Pocillopora_meandrina_HIv1___RNAseq.g23266.t1;2 21;387 408,-22.56,19,68.42%,84.21%,-0.987634431609457,0.987634431609457,-1,0.00164758487769032
22,ptuh-mir-novel-16,Pocillopora_meandrina_HIv1___RNAseq.g12113.t1,3UTR,Pocillopora_meandrina_HIv1___RNAseq.g12113.t1;2 21;413 437,-20.93,22,81.82%,81.82%,-0.96164990501802,0.96164990501802,-1,0.00896332937875625
23,ptuh-mir-novel-9,Pocillopora_meandrina_HIv1___RNAseq.g24014.t1,3UTR,Pocillopora_meandrina_HIv1___RNAseq.g24014.t1;2 17;639 661,-21.22,16,87.50%,93.75%,0.97443907899697,0.97443907899697,1,0.00488682092941097
24,ptuh-mir-2030,Pocillopora_meandrina_HIv1___RNAseq.g490.t1,3UTR,Pocillopora_meandrina_HIv1___RNAseq.g490.t1;2 20;807 827,-21.64,18,77.78%,83.33%,0.959831636100303,0.959831636100303,1,0.00960563113758652
25,ptuh-mir-novel-6,Pocillopora_meandrina_HIv1___RNAseq.g14695.t1,3UTR,Pocillopora_meandrina_HIv1___RNAseq.g14695.t1;2 18;253 277,-24.96,18,72.22%,77.78%,-0.971309164464342,0.971309164464342,-1,0.00580859025100978
26,ptuh-mir-novel-9,Pocillopora_meandrina_HIv1___RNAseq.g13302.t1,3UTR,Pocillopora_meandrina_HIv1___RNAseq.g13302.t1;2 21;469 488,-20.9,19,73.68%,84.21%,-0.969770316734252,0.969770316734252,-1,0.00628065756643079
27,ptuh-mir-2030,Pocillopora_meandrina_HIv1___RNAseq.g12008.t1,3UTR,Pocillopora_meandrina_HIv1___RNAseq.g12008.t1;2 18;904 925,-20.15,16,75.00%,87.50%,-0.979171224688622,0.979171224688622,-1,0.00359722763403827
28,ptuh-mir-novel-11; ptuh-mir-novel-15,Pocillopora_meandrina_HIv1___RNAseq.g5747.t1,3UTR,Pocillopora_meandrina_HIv1___RNAseq.g5747.t1;2 18;619 637,-21.26,16,81.25%,81.25%,0.973469289464184,0.973469289464184,1,0.00516679556528131
29,ptuh-mir-novel-28,Pocillopora_meandrina_HIv1___RNAseq.g22817.t1,3UTR,Pocillopora_meandrina_HIv1___RNAseq.g22817.t1;2 20;279 302,-21.97,20,70.00%,80.00%,0.961709601999612,0.961709601999612,1,0.00894248971622479
30,ptuh-mir-novel-6,Pocillopora_meandrina_HIv1___RNAseq.g17919.t1,3UTR,Pocillopora_meandrina_HIv1___RNAseq.g17919.t1;2 22;270 293,-25.08,21,66.67%,80.95%,-0.991500685182147,0.991500685182147,-1,0.000939410209737783
31,ptuh-mir-novel-13,Pocillopora_meandrina_HIv1___RNAseq.g2373.t1,3UTR,Pocillopora_meandrina_HIv1___RNAseq.g2373.t1;2 21;647 671,-22.7,22,63.64%,68.18%,-0.971793746076959,0.971793746076959,-1,0.0056624702103398
32,ptuh-mir-novel-6,Pocillopora_meandrina_HIv1___RNAseq.g12751.t1,3UTR,Pocillopora_meandrina_HIv1___RNAseq.g12751.t1;2 17;658 683,-20.83,18,72.22%,83.33%,-0.969995954728004,0.969995954728004,-1,0.00621068187581405
33,ptuh-mir-novel-33,Pocillopora_meandrina_HIv1___RNAseq.g22695.t1,3UTR,Pocillopora_meandrina_HIv1___RNAseq.g22695.t1;2 21;126 148,-21.54,20,70.00%,75.00%,-0.980759439431009,0.980759439431009,-1,0.00319450114866316
34,ptuh-mir-novel-28,Pocillopora_meandrina_HIv1___RNAseq.g22032.t2,3UTR,Pocillopora_meandrina_HIv1___RNAseq.g22032.t2;2 20;946 966,-20.61,18,77.78%,77.78%,0.991502069323671,0.991502069323671,1,0.000939180935532144
35,ptuh-mir-novel-6,Pocillopora_meandrina_HIv1___RNAseq.g21904.t1,3UTR,Pocillopora_meandrina_HIv1___RNAseq.g21904.t1;2 20;253 277,-23.64,20,65.00%,85.00%,-0.994151970879155,0.994151970879155,-1,0.000536372885840094
36,ptuh-mir-novel-4,Pocillopora_meandrina_HIv1___TS.g25423.t1,3UTR,Pocillopora_meandrina_HIv1___TS.g25423.t1;2 20;188 210,-20.63,19,73.68%,84.21%,0.959673772990187,0.959673772990187,1,0.00966208058410447
37,ptuh-mir-novel-11; ptuh-mir-novel-15,Pocillopora_meandrina_HIv1___RNAseq.g808.t1,3UTR,Pocillopora_meandrina_HIv1___RNAseq.g808.t1;2 17;203 225,-22.31,16,81.25%,87.50%,0.964333755036781,0.964333755036781,1,0.00804234617936397
38,ptuh-mir-novel-4,Pocillopora_meandrina_HIv1___RNAseq.g14719.t1c,3UTR,Pocillopora_meandrina_HIv1___RNAseq.g14719.t1c;2 21;598 619,-21.45,20,75.00%,90.00%,-0.993229105062834,0.993229105062834,-1,0.000668130648396527
39,ptuh-mir-novel-6,Pocillopora_meandrina_HIv1___RNAseq.g13574.t1,3UTR,Pocillopora_meandrina_HIv1___RNAseq.g13574.t1;2 18;136 160,-20.37,18,61.11%,83.33%,0.985997914465537,0.985997914465537,1,0.00198476314732131
40,ptuh-mir-novel-11; ptuh-mir-novel-15,Pocillopora_meandrina_HIv1___RNAseq.g5374.t1,3UTR,Pocillopora_meandrina_HIv1___RNAseq.g5374.t1;2 21;462 484,-20.74,20,70.00%,85.00%,-0.973512660116348,0.973512660116348,-1,0.00515416506623908
41,ptuh-mir-novel-16,Pocillopora_meandrina_HIv1___TS.g20446.t1,3UTR,Pocillopora_meandrina_HIv1___TS.g20446.t1;2 16;4 25,-27.14,14,85.71%,100.00%,-0.99438839183868,0.99438839183868,-1,0.000504195498156251
42,ptuh-mir-2023,Pocillopora_meandrina_HIv1___RNAseq.g23519.t1a,3UTR,Pocillopora_meandrina_HIv1___RNAseq.g23519.t1a;2 20;312 337,-20.44,23,69.57%,69.57%,-0.96217995143436,0.96217995143436,-1,0.00877885307613457
43,ptuh-mir-novel-5,Pocillopora_meandrina_HIv1___RNAseq.g22365.t1,CDS,Pocillopora_meandrina_HIv1___RNAseq.g22365.t1;2 16;57 79,-20.03,15,80.00%,80.00%,0.986004128784104,0.986004128784104,1,0.00198344385347784
44,ptuh-mir-novel-5,Pocillopora_meandrina_HIv1___TS.g28963.t1,CDS,Pocillopora_meandrina_HIv1___TS.g28963.t1;2 21;8535 8556,-21.19,19,63.16%,73.68%,-0.975409013502542,0.975409013502542,-1,0.00461200018262166
45,ptuh-mir-novel-5,Pocillopora_meandrina_HIv1___RNAseq.3177_t,CDS,Pocillopora_meandrina_HIv1___RNAseq.3177_t;2 21;6469 6490,-22.82,19,57.89%,84.21%,0.973205839682071,0.973205839682071,1,0.00524373661525445
46,ptuh-mir-novel-5,Pocillopora_meandrina_HIv1___RNAseq.g19972.t1,CDS,Pocillopora_meandrina_HIv1___RNAseq.g19972.t1;2 17;3213 3239,-24.52,20,70.00%,75.00%,0.965924966013335,0.965924966013335,1,0.00751200707062743
47,ptuh-mir-novel-5,Pocillopora_meandrina_HIv1___RNAseq.8254_t,CDS,Pocillopora_meandrina_HIv1___RNAseq.8254_t;2 18;5824 5845,-20.82,16,68.75%,81.25%,0.973420510644559,0.973420510644559,1,0.0051810132167092
48,ptuh-mir-novel-5,Pocillopora_meandrina_HIv1___RNAseq.g23824.t1,CDS,Pocillopora_meandrina_HIv1___RNAseq.g23824.t1;2 19;635 656,-20.19,17,64.71%,70.59%,0.971289075176257,0.971289075176257,1,0.0058146743817068
49,ptuh-mir-novel-5,Pocillopora_meandrina_HIv1___RNAseq.g23314.t1,CDS,Pocillopora_meandrina_HIv1___RNAseq.g23314.t1;2 21;2215 2239,-22.65,22,63.64%,77.27%,0.973526906616148,0.973526906616148,1,0.00515001839310857
50,ptuh-mir-novel-5,Pocillopora_meandrina_HIv1___RNAseq.g27996.t1,CDS,Pocillopora_meandrina_HIv1___RNAseq.g27996.t1;2 21;2219 2238,-22.01,19,73.68%,78.95%,0.9758183867188,0.9758183867188,1,0.00449759328557457
51,ptuh-mir-novel-5,Pocillopora_meandrina_HIv1___RNAseq.g5860.t1,CDS,Pocillopora_meandrina_HIv1___RNAseq.g5860.t1;2 18;536 561,-20.43,20,70.00%,75.00%,-0.973621379457586,0.973621379457586,-1,0.00512254841582783
52,ptuh-mir-novel-5,Pocillopora_meandrina_HIv1___RNAseq.g12993.t1,CDS,Pocillopora_meandrina_HIv1___RNAseq.g12993.t1;2 19;844 865,-21.91,17,70.59%,82.35%,-0.97830496382573,0.97830496382573,-1,0.00382345565257782
53,ptuh-mir-novel-5,Pocillopora_meandrina_HIv1___RNAseq.g8574.t1,CDS,Pocillopora_meandrina_HIv1___RNAseq.g8574.t1;2 21;10388 10411,-24.48,21,66.67%,85.71%,-0.97591802638565,0.97591802638565,-1,0.00446989096870158
54,ptuh-mir-novel-5,Pocillopora_meandrina_HIv1___RNAseq.g9701.t1,CDS,Pocillopora_meandrina_HIv1___RNAseq.g9701.t1;2 19;3064 3085,-25.95,17,76.47%,88.24%,-0.999217266281196,0.999217266281196,-1,2.6284754473593e-05
55,ptuh-mir-novel-5,Pocillopora_meandrina_HIv1___RNAseq.g4434.t2,CDS,Pocillopora_meandrina_HIv1___RNAseq.g4434.t2;2 20;6103 6124,-20.61,18,66.67%,72.22%,0.993431086106022,0.993431086106022,1,0.000638477830532951
56,ptuh-mir-novel-5,Pocillopora_meandrina_HIv1___RNAseq.g28745.t1,CDS,Pocillopora_meandrina_HIv1___RNAseq.g28745.t1;2 21;847 867,-27.2,19,73.68%,94.74%,0.9917733863879,0.9917733863879,1,0.000894599941680801
57,ptuh-mir-novel-5,Pocillopora_meandrina_HIv1___RNAseq.g539.t1,CDS,Pocillopora_meandrina_HIv1___RNAseq.g539.t1;2 21;2085 2103,-20.47,19,78.95%,84.21%,-0.971369042638391,0.971369042638391,-1,0.00579046833138061
58,ptuh-mir-novel-5,Pocillopora_meandrina_HIv1___RNAseq.g17125.t1,CDS,Pocillopora_meandrina_HIv1___RNAseq.g17125.t1;2 21;10572 10593,-20.73,19,68.42%,78.95%,0.964768718331666,0.964768718331666,1,0.00789619771820488
59,ptuh-mir-novel-7,Pocillopora_meandrina_HIv1___TS.g27545.t1,CDS,Pocillopora_meandrina_HIv1___TS.g27545.t1;2 21;619 643,-23.31,22,68.18%,77.27%,-0.968679588228878,0.968679588228878,-1,0.00662253304455287
60,ptuh-mir-novel-7,Pocillopora_meandrina_HIv1___RNAseq.g19748.t1,CDS,Pocillopora_meandrina_HIv1___RNAseq.g19748.t1;2 9;1005 1026,-21.11,7,100.00%,100.00%,0.989854497143396,0.989854497143396,1,0.00122484800466993
61,ptuh-mir-novel-7,Pocillopora_meandrina_HIv1___RNAseq.g15535.t1,CDS,Pocillopora_meandrina_HIv1___RNAseq.g15535.t1;2 21;260 281,-23.9,19,63.16%,73.68%,0.986150999435561,0.986150999435561,1,0.00195234815292938
62,ptuh-mir-novel-7,Pocillopora_meandrina_HIv1___RNAseq.g23590.t1,CDS,Pocillopora_meandrina_HIv1___RNAseq.g23590.t1;2 17;1791 1813,-21.62,16,68.75%,75.00%,0.959056511548265,0.959056511548265,1,0.00988384161945378
63,ptuh-mir-novel-7,Pocillopora_meandrina_HIv1___TS.g4177.t1,CDS,Pocillopora_meandrina_HIv1___TS.g4177.t1;2 17;948 969,-23.01,15,66.67%,86.67%,0.996381024003689,0.996381024003689,1,0.000261202010705328
64,ptuh-mir-novel-7,Pocillopora_meandrina_HIv1___RNAseq.g13326.t1,CDS,Pocillopora_meandrina_HIv1___RNAseq.g13326.t1;2 16;2458 2479,-23.03,14,78.57%,92.86%,0.959194987668137,0.959194987668137,1,0.00983394845986057
65,ptuh-mir-novel-7,Pocillopora_meandrina_HIv1___RNAseq.g3707.t1,CDS,Pocillopora_meandrina_HIv1___RNAseq.g3707.t1;2 15;635 656,-20.81,13,84.62%,84.62%,0.961718444269857,0.961718444269857,1,0.00893940431521718
66,ptuh-mir-novel-7,Pocillopora_meandrina_HIv1___RNAseq.g26156.t1,CDS,Pocillopora_meandrina_HIv1___RNAseq.g26156.t1;2 18;4274 4295,-21.91,16,75.00%,87.50%,0.968373752645199,0.968373752645199,1,0.00671945891004931
67,ptuh-mir-novel-7,Pocillopora_meandrina_HIv1___TS.g17333.t1a,CDS,Pocillopora_meandrina_HIv1___TS.g17333.t1a;2 13;3716 3737,-24.13,11,81.82%,90.91%,0.962790011433205,0.962790011433205,1,0.00856809356648295
68,ptuh-mir-novel-7,Pocillopora_meandrina_HIv1___TS.g25657.t1,CDS,Pocillopora_meandrina_HIv1___TS.g25657.t1;2 21;32923 32943,-21.81,19,63.16%,78.95%,0.983300399040843,0.983300399040843,1,0.00258405718309754
69,ptuh-mir-novel-7,Pocillopora_meandrina_HIv1___TS.g25657.t1,CDS,Pocillopora_meandrina_HIv1___TS.g25657.t1;2 21;25090 25113,-25.96,21,66.67%,71.43%,0.983300399040843,0.983300399040843,1,0.00258405718309754
70,ptuh-mir-novel-7,Pocillopora_meandrina_HIv1___TS.g25657.t1,CDS,Pocillopora_meandrina_HIv1___TS.g25657.t1;2 15;34743 34764,-20.06,13,84.62%,84.62%,0.983300399040843,0.983300399040843,1,0.00258405718309754
71,ptuh-mir-2036,Pocillopora_meandrina_HIv1___RNAseq.g3549.t1,CDS,Pocillopora_meandrina_HIv1___RNAseq.g3549.t1;2 21;452 472,-20.89,19,78.95%,84.21%,0.984268783372301,0.984268783372301,1,0.00236292463134707
72,ptuh-mir-2036,Pocillopora_meandrina_HIv1___RNAseq.g29244.t2,CDS,Pocillopora_meandrina_HIv1___RNAseq.g29244.t2;2 21;1222 1250,-21.18,26,65.38%,69.23%,0.962949589407058,0.962949589407058,1,0.00851324157916819
73,ptuh-mir-2036,Pocillopora_meandrina_HIv1___RNAseq.g29244.t2,CDS,Pocillopora_meandrina_HIv1___RNAseq.g29244.t2;2 21;1407 1435,-21.18,26,69.23%,73.08%,0.962949589407058,0.962949589407058,1,0.00851324157916819
74,ptuh-mir-2036,Pocillopora_meandrina_HIv1___RNAseq.g397.t1,CDS,Pocillopora_meandrina_HIv1___RNAseq.g397.t1;2 20;4776 4799,-20.32,20,85.00%,90.00%,0.978863924632645,0.978863924632645,1,0.00367695812450224
75,ptuh-mir-novel-8,Pocillopora_meandrina_HIv1___RNAseq.g28744.t1,CDS,Pocillopora_meandrina_HIv1___RNAseq.g28744.t1;2 22;10375 10399,-24.22,22,72.73%,81.82%,0.969015275555134,0.969015275555134,1,0.00651668143154164
76,ptuh-mir-100,Pocillopora_meandrina_HIv1___RNAseq.g6602.t1,CDS,Pocillopora_meandrina_HIv1___RNAseq.g6602.t1;2 21;2276 2301,-21.04,23,69.57%,69.57%,-0.97354803136777,0.97354803136777,-1,0.00514387172017058
77,ptuh-mir-100,Pocillopora_meandrina_HIv1___RNAseq.g6876.t2,CDS,Pocillopora_meandrina_HIv1___RNAseq.g6876.t2;2 10;12625 12646,-21.13,8,100.00%,100.00%,-0.987918207590229,0.987918207590229,-1,0.00159126417909422
78,ptuh-mir-100,Pocillopora_meandrina_HIv1___TS.g740.t1,CDS,Pocillopora_meandrina_HIv1___TS.g740.t1;2 21;4844 4867,-21.52,21,61.90%,71.43%,0.966289868829599,0.966289868829599,1,0.00739207295323859
79,ptuh-mir-100,Pocillopora_meandrina_HIv1___RNAseq.g15450.t1,CDS,Pocillopora_meandrina_HIv1___RNAseq.g15450.t1;2 17;12252 12273,-25.51,15,80.00%,86.67%,-0.981612358153677,0.981612358153677,-1,0.00298484256736991
80,ptuh-mir-100,Pocillopora_meandrina_HIv1___RNAseq.g15450.t1,CDS,Pocillopora_meandrina_HIv1___RNAseq.g15450.t1;2 17;3220 3241,-25.51,15,80.00%,86.67%,-0.981612358153677,0.981612358153677,-1,0.00298484256736991
81,ptuh-mir-100,Pocillopora_meandrina_HIv1___RNAseq.g15450.t1,CDS,Pocillopora_meandrina_HIv1___RNAseq.g15450.t1;2 17;357 378,-25.51,15,80.00%,86.67%,-0.981612358153677,0.981612358153677,-1,0.00298484256736991
82,ptuh-mir-100,Pocillopora_meandrina_HIv1___RNAseq.g15451.t1,CDS,Pocillopora_meandrina_HIv1___RNAseq.g15451.t1;2 17;1609 1630,-25.51,15,80.00%,86.67%,-0.998407871971246,0.998407871971246,-1,7.62424940253382e-05
83,ptuh-mir-100,Pocillopora_meandrina_HIv1___RNAseq.g15950.t1,CDS,Pocillopora_meandrina_HIv1___RNAseq.g15950.t1;2 21;5468 5489,-21.98,19,68.42%,78.95%,-0.978302589943217,0.978302589943217,-1,0.00382408184513171
84,ptuh-mir-100,Pocillopora_meandrina_HIv1___RNAseq.g23258.t1b,CDS,Pocillopora_meandrina_HIv1___RNAseq.g23258.t1b;2 17;188 209,-20.68,15,80.00%,80.00%,-0.971720120119096,0.971720120119096,-1,0.00568459217328927
85,ptuh-mir-100,Pocillopora_meandrina_HIv1___RNAseq.g25670.t1,CDS,Pocillopora_meandrina_HIv1___RNAseq.g25670.t1;2 18;4598 4617,-21.76,16,81.25%,81.25%,-0.993852328486166,0.993852328486166,-1,0.000578094647493207
86,ptuh-mir-2023,Pocillopora_meandrina_HIv1___RNAseq.g5676.t1,CDS,Pocillopora_meandrina_HIv1___RNAseq.g5676.t1;2 20;1764 1789,-21.42,23,69.57%,73.91%,-0.968794785326577,0.968794785326577,-1,0.00658614493504348
87,ptuh-mir-novel-6,Pocillopora_meandrina_HIv1___RNAseq.g22111.t2,CDS,Pocillopora_meandrina_HIv1___RNAseq.g22111.t2;2 22;1129 1151,-20.46,21,71.43%,80.95%,-0.96615807143104,0.96615807143104,-1,0.00743531813020654
88,ptuh-mir-novel-6,Pocillopora_meandrina_HIv1___RNAseq.g21176.t1,CDS,Pocillopora_meandrina_HIv1___RNAseq.g21176.t1;2 20;1735 1762,-22.9,23,52.17%,73.91%,-0.994875459009406,0.994875459009406,-1,0.000440029911450572
89,ptuh-mir-novel-6,Pocillopora_meandrina_HIv1___TS.g10502.t1,CDS,Pocillopora_meandrina_HIv1___TS.g10502.t1;2 21;7416 7439,-20.95,21,76.19%,80.95%,-0.98320630694496,0.98320630694496,-1,0.00260589032048138
90,ptuh-mir-novel-6,Pocillopora_meandrina_HIv1___TS.g10596.t1a,CDS,Pocillopora_meandrina_HIv1___TS.g10596.t1a;2 22;2628 2651,-22.58,21,71.43%,80.95%,-0.968708449394313,0.968708449394313,-1,0.00661341027404702
91,ptuh-mir-novel-6,Pocillopora_meandrina_HIv1___RNAseq.g24997.t1,CDS,Pocillopora_meandrina_HIv1___RNAseq.g24997.t1;2 20;7113 7134,-25.44,18,83.33%,94.44%,-0.981943907861641,0.981943907861641,-1,0.00290462283751766
92,ptuh-mir-novel-6,Pocillopora_meandrina_HIv1___RNAseq.g24271.t1,CDS,Pocillopora_meandrina_HIv1___RNAseq.g24271.t1;2 18;404 428,-21.87,18,72.22%,83.33%,-0.961615798598843,0.961615798598843,-1,0.00897524275514706
93,ptuh-mir-novel-6,Pocillopora_meandrina_HIv1___RNAseq.g24403.t1,CDS,Pocillopora_meandrina_HIv1___RNAseq.g24403.t1;2 20;5935 5956,-21.33,18,72.22%,88.89%,-0.967301958284939,0.967301958284939,-1,0.00706276661567095
94,ptuh-mir-novel-6,Pocillopora_meandrina_HIv1___RNAseq.g27222.t1,CDS,Pocillopora_meandrina_HIv1___RNAseq.g27222.t1;2 20;71 94,-21.33,19,63.16%,84.21%,-0.964700459762795,0.964700459762795,-1,0.00791907443519872
95,ptuh-mir-novel-6,Pocillopora_meandrina_HIv1___RNAseq.13437_t,CDS,Pocillopora_meandrina_HIv1___RNAseq.13437_t;2 22;4256 4279,-23.6,21,66.67%,80.95%,0.970746822986038,0.970746822986038,1,0.00597968794786627
96,ptuh-mir-novel-6,Pocillopora_meandrina_HIv1___RNAseq.g14283.t1,CDS,Pocillopora_meandrina_HIv1___RNAseq.g14283.t1;2 22;8213 8237,-22.43,22,68.18%,72.73%,-0.970590575265036,0.970590575265036,-1,0.00602751748187205
97,ptuh-mir-novel-6,Pocillopora_meandrina_HIv1___TS.g10020.t1b,CDS,Pocillopora_meandrina_HIv1___TS.g10020.t1b;2 20;1246 1271,-23.17,21,71.43%,80.95%,-0.982425568361351,0.982425568361351,-1,0.00278937946653472
98,ptuh-mir-novel-6,Pocillopora_meandrina_HIv1___RNAseq.g26411.t1,CDS,Pocillopora_meandrina_HIv1___RNAseq.g26411.t1;2 22;10640 10661,-22.03,20,70.00%,75.00%,-0.989174225617707,0.989174225617707,-1,0.00134994421329864
99,ptuh-mir-novel-6,Pocillopora_meandrina_HIv1___RNAseq.g26411.t1,CDS,Pocillopora_meandrina_HIv1___RNAseq.g26411.t1;2 22;7161 7184,-22.13,21,61.90%,80.95%,-0.989174225617707,0.989174225617707,-1,0.00134994421329864
100,ptuh-mir-novel-6,Pocillopora_meandrina_HIv1___RNAseq.g11563.t1,CDS,Pocillopora_meandrina_HIv1___RNAseq.g11563.t1;2 22;706 731,-21.87,24,66.67%,75.00%,-0.965556716482969,0.965556716482969,-1,0.00763368260350077
101,ptuh-mir-novel-6,Pocillopora_meandrina_HIv1___RNAseq.g28413.t1,CDS,Pocillopora_meandrina_HIv1___RNAseq.g28413.t1;2 22;4329 4353,-24.98,22,59.09%,86.36%,-0.972202764484858,0.972202764484858,-1,0.0055400937777516
102,ptuh-mir-novel-6,Pocillopora_meandrina_HIv1___RNAseq.g28498.t1,CDS,Pocillopora_meandrina_HIv1___RNAseq.g28498.t1;2 21;4648 4668,-22.67,19,78.95%,84.21%,-0.973439295262942,0.973439295262942,-1,0.00517553650455768
103,ptuh-mir-novel-6,Pocillopora_meandrina_HIv1___RNAseq.g18377.t1,CDS,Pocillopora_meandrina_HIv1___RNAseq.g18377.t1;2 14;5189 5211,-22.21,12,91.67%,91.67%,-0.96427533042779,0.96427533042779,-1,0.00806204393774668
104,ptuh-mir-novel-6,Pocillopora_meandrina_HIv1___RNAseq.g10740.t1,CDS,Pocillopora_meandrina_HIv1___RNAseq.g10740.t1;2 22;7233 7254,-22.55,20,65.00%,75.00%,-0.95888035157637,0.95888035157637,-1,0.00994743179763943
105,ptuh-mir-novel-6,Pocillopora_meandrina_HIv1___RNAseq.g11150.t1,CDS,Pocillopora_meandrina_HIv1___RNAseq.g11150.t1;2 22;1329 1350,-22.22,20,60.00%,80.00%,-0.970325912824725,0.970325912824725,-1,0.0061088199684313
106,ptuh-mir-novel-6,Pocillopora_meandrina_HIv1___RNAseq.g14655.t1,CDS,Pocillopora_meandrina_HIv1___RNAseq.g14655.t1;2 22;8689 8713,-23.88,22,63.64%,81.82%,-0.964067202064209,0.964067202064209,-1,0.00813234253134447
107,ptuh-mir-novel-6,Pocillopora_meandrina_HIv1___RNAseq.g11904.t1,CDS,Pocillopora_meandrina_HIv1___RNAseq.g11904.t1;2 21;7372 7395,-21.79,20,70.00%,75.00%,-0.973082386628618,0.973082386628618,-1,0.00527992015152013
108,ptuh-mir-novel-6,Pocillopora_meandrina_HIv1___RNAseq.g14184.t1,CDS,Pocillopora_meandrina_HIv1___RNAseq.g14184.t1;2 20;448 468,-21.13,18,72.22%,88.89%,-0.961232310668536,0.961232310668536,-1,0.00910955184035276
109,ptuh-mir-novel-6,Pocillopora_meandrina_HIv1___RNAseq.g25538.t1,CDS,Pocillopora_meandrina_HIv1___RNAseq.g25538.t1;2 19;3973 3996,-24.87,18,77.78%,83.33%,-0.985880611186207,0.985880611186207,-1,0.00200972098632985
110,ptuh-mir-novel-6,Pocillopora_meandrina_HIv1___RNAseq.g3897.t1,CDS,Pocillopora_meandrina_HIv1___RNAseq.g3897.t1;2 17;17653 17675,-20.22,15,66.67%,86.67%,-0.979113761956082,0.979113761956082,-1,0.0036120926741419
111,ptuh-mir-novel-6,Pocillopora_meandrina_HIv1___RNAseq.g3897.t1,CDS,Pocillopora_meandrina_HIv1___RNAseq.g3897.t1;2 16;11191 11212,-24.59,14,92.86%,92.86%,-0.979113761956082,0.979113761956082,-1,0.0036120926741419
112,ptuh-mir-novel-6,Pocillopora_meandrina_HIv1___RNAseq.g6242.t1,CDS,Pocillopora_meandrina_HIv1___RNAseq.g6242.t1;2 18;623 644,-20.1,16,68.75%,87.50%,-0.963077538171306,0.963077538171306,-1,0.00846934516426708
113,ptuh-mir-novel-31,Pocillopora_meandrina_HIv1___RNAseq.g21658.t1,CDS,Pocillopora_meandrina_HIv1___RNAseq.g21658.t1;2 17;669 690,-22.17,15,86.67%,93.33%,-0.974199808223092,0.974199808223092,-1,0.00495541874645535
114,ptuh-mir-novel-31,Pocillopora_meandrina_HIv1___RNAseq.g19730.t1,CDS,Pocillopora_meandrina_HIv1___RNAseq.g19730.t1;2 21;2488 2510,-21.04,20,75.00%,80.00%,-0.991178658422226,0.991178658422226,-1,0.000993253999434734
115,ptuh-mir-novel-31,Pocillopora_meandrina_HIv1___RNAseq.g24324.t1,CDS,Pocillopora_meandrina_HIv1___RNAseq.g24324.t1;2 21;9071 9092,-20.05,19,73.68%,78.95%,0.979420589008877,0.979420589008877,1,0.00353295483229362
116,ptuh-mir-novel-31,Pocillopora_meandrina_HIv1___RNAseq.g23258.t1c,CDS,Pocillopora_meandrina_HIv1___RNAseq.g23258.t1c;2 18;790 811,-23.33,16,75.00%,87.50%,0.984787676828108,0.984787676828108,1,0.00224715842994187
117,ptuh-mir-novel-31,Pocillopora_meandrina_HIv1___RNAseq.g5896.t1a,CDS,Pocillopora_meandrina_HIv1___RNAseq.g5896.t1a;2 14;6126 6147,-29.69,12,100.00%,100.00%,-0.972487566010316,0.972487566010316,-1,0.00545540440228143
118,ptuh-mir-novel-31,Pocillopora_meandrina_HIv1___RNAseq.g1800.t1,CDS,Pocillopora_meandrina_HIv1___RNAseq.g1800.t1;2 20;912 937,-21.89,22,63.64%,77.27%,-0.990262076916818,0.990262076916818,-1,0.00115185544890477
119,ptuh-mir-novel-31,Pocillopora_meandrina_HIv1___RNAseq.g13455.t1,CDS,Pocillopora_meandrina_HIv1___RNAseq.g13455.t1;2 20;5981 6003,-21.27,19,73.68%,84.21%,-0.974006354579477,0.974006354579477,-1,0.00501111112064484
120,ptuh-mir-novel-31,Pocillopora_meandrina_HIv1___RNAseq.g8853.t1,CDS,Pocillopora_meandrina_HIv1___RNAseq.g8853.t1;2 21;3087 3108,-20.09,19,68.42%,73.68%,0.993110004172027,0.993110004172027,1,0.000685824418386588
121,ptuh-mir-novel-31,Pocillopora_meandrina_HIv1___RNAseq.g10010.t1,CDS,Pocillopora_meandrina_HIv1___RNAseq.g10010.t1;2 21;4307 4331,-22.98,22,72.73%,72.73%,-0.973005310852578,0.973005310852578,-1,0.00530255227467079
122,ptuh-mir-novel-31,Pocillopora_meandrina_HIv1___RNAseq.20168_t,CDS,Pocillopora_meandrina_HIv1___RNAseq.20168_t;2 21;2700 2721,-20.34,20,80.00%,85.00%,-0.961576390229829,0.961576390229829,-1,0.0089890145665165
123,ptuh-mir-novel-31,Pocillopora_meandrina_HIv1___RNAseq.g30184.t1,CDS,Pocillopora_meandrina_HIv1___RNAseq.g30184.t1;2 21;3350 3373,-21.37,21,71.43%,80.95%,0.976812776848471,0.976812776848471,1,0.00422367674130999
124,ptuh-mir-novel-31,Pocillopora_meandrina_HIv1___RNAseq.g4007.t1,CDS,Pocillopora_meandrina_HIv1___RNAseq.g4007.t1;2 21;16925 16944,-22.79,19,78.95%,89.47%,0.975390558134192,0.975390558134192,1,0.00461718018285196
125,ptuh-mir-novel-32,Pocillopora_meandrina_HIv1___RNAseq.g4357.t1,CDS,Pocillopora_meandrina_HIv1___RNAseq.g4357.t1;2 21;2185 2207,-25.45,20,75.00%,85.00%,-0.966073492140449,0.966073492140449,-1,0.00746311381686584
126,ptuh-mir-novel-32,Pocillopora_meandrina_HIv1___RNAseq.g16633.t1,CDS,Pocillopora_meandrina_HIv1___RNAseq.g16633.t1;2 16;15497 15518,-23.83,14,85.71%,92.86%,0.96930288303391,0.96930288303391,1,0.00642643834180205
127,ptuh-mir-novel-27,Pocillopora_meandrina_HIv1___RNAseq.g7441.t1,CDS,Pocillopora_meandrina_HIv1___RNAseq.g7441.t1;2 19;1098 1118,-22.84,17,76.47%,100.00%,0.970637230461373,0.970637230461373,1,0.00601322255775096
128,ptuh-mir-novel-33,Pocillopora_meandrina_HIv1___RNAseq.g19278.t1,CDS,Pocillopora_meandrina_HIv1___RNAseq.g19278.t1;2 21;5989 6010,-23.29,19,68.42%,78.95%,0.983333567179042,0.983333567179042,1,0.00257637535552218
129,ptuh-mir-novel-33,Pocillopora_meandrina_HIv1___RNAseq.g6701.t1,CDS,Pocillopora_meandrina_HIv1___RNAseq.g6701.t1;2 21;9491 9512,-22.76,20,80.00%,85.00%,-0.995021327445305,0.995021327445305,-1,0.000421385518196272
130,ptuh-mir-novel-33,Pocillopora_meandrina_HIv1___RNAseq.g16079.t1,CDS,Pocillopora_meandrina_HIv1___RNAseq.g16079.t1;2 18;5184 5204,-22.25,16,81.25%,93.75%,-0.982623012226521,0.982623012226521,-1,0.0027425865791282
131,ptuh-mir-novel-33,Pocillopora_meandrina_HIv1___RNAseq.g27996.t1,CDS,Pocillopora_meandrina_HIv1___RNAseq.g27996.t1;2 21;2840 2862,-21.76,20,75.00%,90.00%,-0.969540993577702,0.969540993577702,-1,0.00635204007391499
132,ptuh-mir-novel-33,Pocillopora_meandrina_HIv1___RNAseq.g5062.t1,CDS,Pocillopora_meandrina_HIv1___RNAseq.g5062.t1;2 21;6749 6771,-20.72,20,70.00%,75.00%,-0.965765832341069,0.965765832341069,-1,0.00756450853163724
133,ptuh-mir-novel-33,Pocillopora_meandrina_HIv1___RNAseq.g5062.t1,CDS,Pocillopora_meandrina_HIv1___RNAseq.g5062.t1;2 21;9784 9807,-20.26,21,71.43%,80.95%,-0.965765832341069,0.965765832341069,-1,0.00756450853163724
134,ptuh-mir-novel-33,Pocillopora_meandrina_HIv1___RNAseq.g6066.t1,CDS,Pocillopora_meandrina_HIv1___RNAseq.g6066.t1;2 21;3874 3898,-24.58,23,69.57%,78.26%,-0.976213735705682,0.976213735705682,-1,0.00438800983327751
135,ptuh-mir-novel-33,Pocillopora_meandrina_HIv1___TS.g4593.t1,CDS,Pocillopora_meandrina_HIv1___TS.g4593.t1;2 20;37819 37840,-21.09,18,66.67%,88.89%,0.976686450897282,0.976686450897282,1,0.0042581588229
136,ptuh-mir-novel-33,Pocillopora_meandrina_HIv1___RNAseq.g8858.t1,CDS,Pocillopora_meandrina_HIv1___RNAseq.g8858.t1;2 21;5151 5170,-21.24,19,78.95%,84.21%,-0.967664052457617,0.967664052457617,-1,0.00694615501169028
137,ptuh-mir-novel-33,Pocillopora_meandrina_HIv1___RNAseq.g8196.t1,CDS,Pocillopora_meandrina_HIv1___RNAseq.g8196.t1;2 21;1397 1421,-21.05,22,77.27%,81.82%,-0.992739428623063,0.992739428623063,-1,0.000741850693819343
138,ptuh-mir-novel-33,Pocillopora_meandrina_HIv1___RNAseq.g418.t1,CDS,Pocillopora_meandrina_HIv1___RNAseq.g418.t1;2 21;7495 7516,-22.25,19,73.68%,89.47%,-0.985670733276677,0.985670733276677,-1,0.00205463240955058
139,ptuh-mir-novel-33,Pocillopora_meandrina_HIv1___RNAseq.g583.t1,CDS,Pocillopora_meandrina_HIv1___RNAseq.g583.t1;2 21;6112 6133,-20.78,19,78.95%,84.21%,-0.964550993973879,0.964550993973879,-1,0.00796924344271209
140,ptuh-mir-novel-1,Pocillopora_meandrina_HIv1___TS.g11574.t1,CDS,Pocillopora_meandrina_HIv1___TS.g11574.t1;2 18;13767 13789,-20.36,17,82.35%,82.35%,-0.960535557662113,0.960535557662113,-1,0.00935524383440218
141,ptuh-mir-novel-24,Pocillopora_meandrina_HIv1___RNAseq.g21827.t1,CDS,Pocillopora_meandrina_HIv1___RNAseq.g21827.t1;2 20;5494 5516,-21.41,19,73.68%,78.95%,0.98268334787073,0.98268334787073,1,0.00272833977911846
142,ptuh-mir-novel-24,Pocillopora_meandrina_HIv1___RNAseq.g19153.t1,CDS,Pocillopora_meandrina_HIv1___RNAseq.g19153.t1;2 21;10900 10920,-21.34,19,73.68%,73.68%,0.973898750525167,0.973898750525167,1,0.00504217742654834
143,ptuh-mir-novel-24,Pocillopora_meandrina_HIv1___RNAseq.g15734.t1,CDS,Pocillopora_meandrina_HIv1___RNAseq.g15734.t1;2 20;324 347,-20.4,20,70.00%,75.00%,0.96583897916518,0.96583897916518,1,0.00754036097015197
144,ptuh-mir-novel-24,Pocillopora_meandrina_HIv1___RNAseq.g23949.t1,CDS,Pocillopora_meandrina_HIv1___RNAseq.g23949.t1;2 15;3142 3163,-20.01,13,84.62%,92.31%,-0.970847047264945,0.970847047264945,-1,0.00594907408307584
145,ptuh-mir-novel-24,Pocillopora_meandrina_HIv1___RNAseq.g27911.t1,CDS,Pocillopora_meandrina_HIv1___RNAseq.g27911.t1;2 18;1070 1090,-26.6,16,93.75%,93.75%,0.97539864263833,0.97539864263833,1,0.0046149108110806
146,ptuh-mir-novel-24,Pocillopora_meandrina_HIv1___RNAseq.g6062.t1,CDS,Pocillopora_meandrina_HIv1___RNAseq.g6062.t1;2 15;3250 3272,-24.55,14,92.86%,92.86%,-0.962899678653623,0.962899678653623,-1,0.00853038505075384
147,ptuh-mir-novel-24,Pocillopora_meandrina_HIv1___RNAseq.g9542.t1,CDS,Pocillopora_meandrina_HIv1___RNAseq.g9542.t1;2 20;147 174,-21.21,24,66.67%,66.67%,-0.960044431178868,0.960044431178868,-1,0.00952971067132703
148,ptuh-mir-novel-24,Pocillopora_meandrina_HIv1___RNAseq.g29209.t1,CDS,Pocillopora_meandrina_HIv1___RNAseq.g29209.t1;2 21;7938 7960,-22.39,20,80.00%,80.00%,0.986319996160991,0.986319996160991,1,0.00191677000461551
149,ptuh-mir-novel-5,Pocillopora_meandrina_HIv1___TS.g933.t1,5UTR,Pocillopora_meandrina_HIv1___TS.g933.t1;2 21;349 371,-21.31,20,70.00%,80.00%,-0.985707447203347,0.985707447203347,-1,0.00204675233781541
150,ptuh-mir-novel-5,Pocillopora_meandrina_HIv1___RNAseq.g1339.t1,5UTR,Pocillopora_meandrina_HIv1___RNAseq.g1339.t1;2 21;396 416,-24.46,19,68.42%,89.47%,0.993733437088484,0.993733437088484,1,0.000594934716821626
151,ptuh-mir-novel-7,Pocillopora_meandrina_HIv1___TS.g11041.t1,5UTR,Pocillopora_meandrina_HIv1___TS.g11041.t1;2 21;600 628,-30.01,26,65.38%,65.38%,0.959840752421338,0.959840752421338,1,0.00960237459287759
152,ptuh-mir-2036,Pocillopora_meandrina_HIv1___RNAseq.g4733.t1b,5UTR,Pocillopora_meandrina_HIv1___RNAseq.g4733.t1b;2 21;954 981,-20.6,25,64.00%,76.00%,0.984268783372301,0.984268783372301,1,0.00236292463134709
153,ptuh-mir-100,Pocillopora_meandrina_HIv1___RNAseq.g27467.t1,5UTR,Pocillopora_meandrina_HIv1___RNAseq.g27467.t1;2 20;257 276,-20.29,18,72.22%,77.78%,-0.980394648427,0.980394648427,-1,0.00328559858298792
154,ptuh-mir-100,Pocillopora_meandrina_HIv1___RNAseq.g3966.t1,5UTR,Pocillopora_meandrina_HIv1___RNAseq.g3966.t1;2 20;766 790,-25,21,80.95%,80.95%,-0.960835050497104,0.960835050497104,-1,0.00924937266998503
155,ptuh-mir-novel-6,Pocillopora_meandrina_HIv1___TS.g13098.t1,5UTR,Pocillopora_meandrina_HIv1___TS.g13098.t1;2 11;289 311,-20.35,9,88.89%,100.00%,-0.968690929628852,0.968690929628852,-1,0.0066189476302874
156,ptuh-mir-novel-6,Pocillopora_meandrina_HIv1___RNAseq.g5308.t1,5UTR,Pocillopora_meandrina_HIv1___RNAseq.g5308.t1;2 20;400 420,-20.26,18,72.22%,83.33%,-0.970702274621538,0.970702274621538,-1,0.00599331201058183
157,ptuh-mir-novel-6,Pocillopora_meandrina_HIv1___RNAseq.g4782.t1,5UTR,Pocillopora_meandrina_HIv1___RNAseq.g4782.t1;2 22;97 120,-20.68,21,66.67%,76.19%,-0.962736514933134,0.962736514933134,-1,0.00858650786786343
158,ptuh-mir-novel-4,Pocillopora_meandrina_HIv1___RNAseq.g25844.t1,5UTR,Pocillopora_meandrina_HIv1___RNAseq.g25844.t1;2 20;27 48,-20.09,18,72.22%,77.78%,0.993115846217196,0.993115846217196,1,0.000684952936472363
159,ptuh-mir-novel-3,Pocillopora_meandrina_HIv1___RNAseq.g18085.t1,5UTR,Pocillopora_meandrina_HIv1___RNAseq.g18085.t1;2 21;464 488,-21.08,22,72.73%,72.73%,0.959291997233672,0.959291997233672,1,0.00979904509164128
160,ptuh-mir-novel-18,Pocillopora_meandrina_HIv1___RNAseq.g27416.t1,5UTR,Pocillopora_meandrina_HIv1___RNAseq.g27416.t1;2 18;561 582,-20.48,16,75.00%,87.50%,0.963538372728917,0.963538372728917,1,0.0083118618353658
161,ptuh-mir-novel-18,Pocillopora_meandrina_HIv1___RNAseq.g26353.t1,5UTR,Pocillopora_meandrina_HIv1___RNAseq.g26353.t1;2 21;52 73,-22.63,19,78.95%,84.21%,-0.988707250891135,0.988707250891135,-1,0.00143812405780436
162,ptuh-mir-2030,Pocillopora_meandrina_HIv1___RNAseq.g20276.t1,5UTR,Pocillopora_meandrina_HIv1___RNAseq.g20276.t1;2 21;56 75,-21.26,19,57.89%,89.47%,-0.975576127898506,0.975576127898506,-1,0.00456518245332873
163,ptuh-mir-2030,Pocillopora_meandrina_HIv1___RNAseq.g24675.t1,5UTR,Pocillopora_meandrina_HIv1___RNAseq.g24675.t1;2 21;895 915,-21.31,19,63.16%,78.95%,0.96863318658699,0.96863318658699,1,0.0066372088836617
164,ptuh-mir-2030,Pocillopora_meandrina_HIv1___TS.g16589.t1,5UTR,Pocillopora_meandrina_HIv1___TS.g16589.t1;2 17;334 356,-26.47,16,87.50%,93.75%,0.963434717146151,0.963434717146151,1,0.0083471999364006
165,ptuh-mir-2030,Pocillopora_meandrina_HIv1___RNAseq.g23169.t1,5UTR,Pocillopora_meandrina_HIv1___RNAseq.g23169.t1;2 21;212 234,-22.28,20,75.00%,85.00%,0.972424333140864,0.972424333140864,1,0.00547417035177573
166,ptuh-mir-2030,Pocillopora_meandrina_HIv1___RNAseq.g26343.t1,5UTR,Pocillopora_meandrina_HIv1___RNAseq.g26343.t1;2 21;584 605,-22.19,20,75.00%,85.00%,0.968235901601172,0.968235901601172,1,0.00676329813132959
167,ptuh-mir-2030,Pocillopora_meandrina_HIv1___TS.g21578.t1,5UTR,Pocillopora_meandrina_HIv1___TS.g21578.t1;2 21;945 966,-22.85,19,52.63%,94.74%,0.972633545720529,0.972633545720529,1,0.00541216244821857
168,ptuh-mir-2030,Pocillopora_meandrina_HIv1___RNAseq.g10665.t1,5UTR,Pocillopora_meandrina_HIv1___RNAseq.g10665.t1;2 21;56 82,-20.94,24,70.83%,75.00%,-0.973093753418005,0.973093753418005,-1,0.00527658516879749
169,ptuh-mir-2030,Pocillopora_meandrina_HIv1___RNAseq.g9286.t1,5UTR,Pocillopora_meandrina_HIv1___RNAseq.g9286.t1;2 21;424 445,-21.05,19,68.42%,84.21%,0.961144507446293,0.961144507446293,1,0.00914039514690395
170,ptuh-mir-novel-10,Pocillopora_meandrina_HIv1___RNAseq.g6000.t1,5UTR,Pocillopora_meandrina_HIv1___RNAseq.g6000.t1;2 21;357 377,-20.96,19,78.95%,89.47%,-0.96651066577516,0.96651066577516,-1,0.00731981147339898
171,ptuh-mir-novel-28,Pocillopora_meandrina_HIv1___RNAseq.g22033.t1,5UTR,Pocillopora_meandrina_HIv1___RNAseq.g22033.t1;2 18;314 335,-20.79,16,68.75%,75.00%,0.972985140112875,0.972985140112875,1,0.00530848037077797
172,ptuh-mir-novel-28,Pocillopora_meandrina_HIv1___RNAseq.g24984.t1,5UTR,Pocillopora_meandrina_HIv1___RNAseq.g24984.t1;2 16;90 111,-20.37,14,85.71%,85.71%,0.967323743914835,0.967323743914835,1,0.00705573256531476
173,ptuh-mir-novel-28,Pocillopora_meandrina_HIv1___RNAseq.g22915.t2,5UTR,Pocillopora_meandrina_HIv1___RNAseq.g22915.t2;2 16;820 839,-20.72,14,71.43%,85.71%,0.964688308357655,0.964688308357655,1,0.00792314923256851
174,ptuh-mir-novel-28,Pocillopora_meandrina_HIv1___RNAseq.g23558.t1,5UTR,Pocillopora_meandrina_HIv1___RNAseq.g23558.t1;2 19;480 501,-24.66,17,70.59%,88.24%,0.961298934008182,0.961298934008182,1,0.0090861713829669
175,ptuh-mir-novel-28,Pocillopora_meandrina_HIv1___RNAseq.g5118.t1,5UTR,Pocillopora_meandrina_HIv1___RNAseq.g5118.t1;2 16;473 494,-22.09,14,64.29%,92.86%,0.976826321823201,0.976826321823201,1,0.00421998498719735
176,ptuh-mir-novel-28,Pocillopora_meandrina_HIv1___RNAseq.g5926.t1,5UTR,Pocillopora_meandrina_HIv1___RNAseq.g5926.t1;2 21;331 353,-25.72,20,65.00%,85.00%,0.961298934008182,0.961298934008182,1,0.00908617138296699
177,ptuh-mir-novel-28,Pocillopora_meandrina_HIv1___RNAseq.g29177.t1,5UTR,Pocillopora_meandrina_HIv1___RNAseq.g29177.t1;2 21;262 283,-24.15,19,68.42%,94.74%,0.961298934008182,0.961298934008182,1,0.00908617138296702
178,ptuh-mir-novel-28,Pocillopora_meandrina_HIv1___TS.g8006.t1,5UTR,Pocillopora_meandrina_HIv1___TS.g8006.t1;2 21;698 720,-21.62,21,71.43%,76.19%,0.961298934008182,0.961298934008182,1,0.00908617138296695
179,ptuh-mir-novel-28,Pocillopora_meandrina_HIv1___RNAseq.g16906.t1,5UTR,Pocillopora_meandrina_HIv1___RNAseq.g16906.t1;2 20;555 577,-21.58,19,68.42%,84.21%,0.985770892516738,0.985770892516738,1,0.00203315846884277
180,ptuh-mir-novel-9,Pocillopora_meandrina_HIv1___RNAseq.g13654.t2,5UTR,Pocillopora_meandrina_HIv1___RNAseq.g13654.t2;2 20;70 91,-21.55,18,83.33%,88.89%,-0.9643983944892,0.9643983944892,-1,0.0080205715477277
181,ptuh-mir-novel-22,Pocillopora_meandrina_HIv1___RNAseq.g358.t2,5UTR,Pocillopora_meandrina_HIv1___RNAseq.g358.t2;2 20;786 807,-21.2,18,83.33%,88.89%,0.960472587148064,0.960472587148064,1,0.0093775542355283
182,ptuh-mir-novel-16,Pocillopora_meandrina_HIv1___RNAseq.g14264.t1,5UTR,Pocillopora_meandrina_HIv1___RNAseq.g14264.t1;2 12;217 238,-22.26,10,100.00%,100.00%,-0.961719612589991,0.961719612589991,-1,0.00893899667046301
183,ptuh-mir-novel-21,Pocillopora_meandrina_HIv1___RNAseq.g21270.t1,5UTR,Pocillopora_meandrina_HIv1___RNAseq.g21270.t1;2 19;178 198,-23.29,17,76.47%,76.47%,0.980573011199149,0.980573011199149,1,0.00324095110871972
184,ptuh-mir-novel-21,Pocillopora_meandrina_HIv1___RNAseq.g16311.t1,5UTR,Pocillopora_meandrina_HIv1___RNAseq.g16311.t1;2 17;955 979,-20.29,19,73.68%,73.68%,0.972468214538339,0.972468214538339,1,0.0054611451842724
185,ptuh-mir-novel-21,Pocillopora_meandrina_HIv1___RNAseq.g29018.t1,5UTR,Pocillopora_meandrina_HIv1___RNAseq.g29018.t1;2 15;553 572,-20.8,13,92.31%,92.31%,0.968749174893632,0.968749174893632,1,0.00660054432976495
186,ptuh-mir-novel-30,Pocillopora_meandrina_HIv1___RNAseq.g21288.t1,5UTR,Pocillopora_meandrina_HIv1___RNAseq.g21288.t1;2 21;706 726,-20.21,19,73.68%,78.95%,0.97331997811525,0.97331997811525,1,0.00521035621847276
187,ptuh-mir-novel-30,Pocillopora_meandrina_HIv1___TS.g15384.t1,5UTR,Pocillopora_meandrina_HIv1___TS.g15384.t1;2 16;259 281,-21.31,15,93.33%,93.33%,0.968245538327909,0.968245538327909,1,0.00676023042280697
188,ptuh-mir-novel-1,Pocillopora_meandrina_HIv1___TS.g15377.t1,5UTR,Pocillopora_meandrina_HIv1___TS.g15377.t1;2 9;190 211,-22.51,7,100.00%,100.00%,0.998017694805407,0.998017694805407,1,0.00010591572863792
189,ptuh-mir-novel-5,lncRNA_11306,lncRNA,lncRNA_11306;2 21;32194 32221,-20.73,25,60.00%,76.00%,-0.966003168026805,0.966003168026805,-1,0.00748625070113623
190,ptuh-mir-novel-5,lncRNA_11306,lncRNA,lncRNA_11306;2 21;12950 12970,-24.13,19,68.42%,89.47%,-0.966003168026805,0.966003168026805,-1,0.00748625070113623
191,ptuh-mir-novel-5,lncRNA_6410,lncRNA,lncRNA_6410;2 21;7759 7780,-22.37,19,57.89%,84.21%,-0.963209607108662,0.963209607108662,-1,0.0084241134142885
192,ptuh-mir-novel-5,lncRNA_6410,lncRNA,lncRNA_6410;2 20;8639 8660,-21.3,18,77.78%,83.33%,-0.963209607108662,0.963209607108662,-1,0.0084241134142885
193,ptuh-mir-novel-7,lncRNA_1289,lncRNA,lncRNA_1289;2 21;1202 1228,-32.06,24,66.67%,70.83%,0.963075142264766,0.963075142264766,1,0.0084701664626285
194,ptuh-mir-100,lncRNA_497,lncRNA,lncRNA_497;2 20;2039 2057,-21.82,18,77.78%,83.33%,-0.979264240080298,0.979264240080298,-1,0.00357320845837335
195,ptuh-mir-2023,lncRNA_3632,lncRNA,lncRNA_3632;2 18;10629 10650,-21.9,17,88.24%,88.24%,0.961211159227706,0.961211159227706,1,0.00911697874093063
196,ptuh-mir-novel-6,lncRNA_2909,lncRNA,lncRNA_2909;2 22;2150 2173,-24.02,21,71.43%,80.95%,0.964089317883349,0.964089317883349,1,0.00812486305447357
197,ptuh-mir-novel-31,lncRNA_11556,lncRNA,lncRNA_11556;2 18;9975 9999,-20.91,19,73.68%,84.21%,-0.968562570999238,0.968562570999238,-1,0.00665956357472641
198,ptuh-mir-novel-31,lncRNA_14768,lncRNA,lncRNA_14768;2 17;8189 8210,-20.87,15,86.67%,93.33%,-0.975448969829136,0.975448969829136,-1,0.00460079193126475
199,ptuh-mir-novel-31,lncRNA_7774,lncRNA,lncRNA_7774;2 13;21979 22000,-20.36,11,90.91%,100.00%,-0.961457975671092,0.961457975671092,-1,0.00903043786340936
200,ptuh-mir-novel-31,lncRNA_8193,lncRNA,lncRNA_8193;2 21;3453 3474,-20.11,20,75.00%,80.00%,-0.96220061583202,0.96220061583202,-1,0.00877168660859497
201,ptuh-mir-novel-31,lncRNA_9788,lncRNA,lncRNA_9788;2 21;3625 3650,-21.28,23,69.57%,73.91%,-0.984123652477041,0.984123652477041,-1,0.00239564682648616
202,ptuh-mir-novel-31,lncRNA_9788,lncRNA,lncRNA_9788;2 18;2914 2937,-20.5,18,77.78%,83.33%,-0.984123652477041,0.984123652477041,-1,0.00239564682648616
203,ptuh-mir-novel-20,lncRNA_8714,lncRNA,lncRNA_8714;2 19;5262 5282,-23.34,17,82.35%,94.12%,-0.984326512711283,0.984326512711283,-1,0.0023499500783651
204,ptuh-mir-novel-25,lncRNA_2571,lncRNA,lncRNA_2571;2 15;685 706,-20.33,13,76.92%,92.31%,0.983368866147123,0.983368866147123,1,0.00256820834393534
205,ptuh-mir-novel-25,lncRNA_4105,lncRNA,lncRNA_4105;2 20;2151 2173,-20.96,19,84.21%,89.47%,0.974840748819985,0.974840748819985,1,0.00477237575726918
206,ptuh-mir-novel-18,lncRNA_11257,lncRNA,lncRNA_11257;2 21;8846 8867,-20.76,19,78.95%,84.21%,0.971956836619998,0.971956836619998,1,0.00561356867670085
207,ptuh-mir-2030,lncRNA_12049,lncRNA,lncRNA_12049;2 13;306 327,-20.01,11,100.00%,100.00%,0.959310206460527,0.959310206460527,1,0.00979249807354449
208,ptuh-mir-2030,lncRNA_13562,lncRNA,lncRNA_13562;2 18;17870 17892,-20.01,17,76.47%,82.35%,0.962123963519645,0.962123963519645,1,0.00879827948080263
209,ptuh-mir-2030,lncRNA_13562,lncRNA,lncRNA_13562;2 21;17637 17659,-20.76,20,75.00%,85.00%,0.962123963519645,0.962123963519645,1,0.00879827948080263
210,ptuh-mir-2030,lncRNA_14939,lncRNA,lncRNA_14939;2 21;1041 1066,-20.3,23,73.91%,73.91%,0.982582537518754,0.982582537518754,1,0.00275215745452224
211,ptuh-mir-novel-10,lncRNA_12857,lncRNA,lncRNA_12857;2 18;1343 1364,-21.26,16,68.75%,93.75%,0.980700126955497,0.980700126955497,1,0.00320925522553123
212,ptuh-mir-novel-10,lncRNA_7216,lncRNA,lncRNA_7216;2 21;585 605,-23.05,19,73.68%,89.47%,0.965455819577485,0.965455819577485,1,0.00766713253509154
213,ptuh-mir-novel-17,lncRNA_15546,lncRNA,lncRNA_15546;2 21;13085 13108,-20.51,21,66.67%,85.71%,-0.984834081227445,0.984834081227445,-1,0.0022368996640873
214,ptuh-mir-novel-17,lncRNA_15546,lncRNA,lncRNA_15546;2 21;22990 23013,-20.51,21,66.67%,85.71%,-0.984834081227445,0.984834081227445,-1,0.0022368996640873
215,ptuh-mir-novel-17,lncRNA_15583,lncRNA,lncRNA_15583;2 21;13668 13691,-20.51,21,66.67%,85.71%,-0.983855269401169,0.983855269401169,-1,0.00245654953542785
216,ptuh-mir-novel-17,lncRNA_5858,lncRNA,lncRNA_5858;2 21;30023 30043,-20.85,19,68.42%,78.95%,-0.985304189499248,0.985304189499248,-1,0.00213385304287062
217,ptuh-mir-2025,lncRNA_15321,lncRNA,lncRNA_15321;2 21;7234 7259,-21.92,23,65.22%,69.57%,0.97934935166052,0.97934935166052,1,0.00355127691862616
218,ptuh-mir-novel-28,lncRNA_12855,lncRNA,lncRNA_12855;2 16;7357 7379,-22.93,15,86.67%,93.33%,0.989904952334735,0.989904952334735,1,0.00121573156130116
219,ptuh-mir-novel-28,lncRNA_2012,lncRNA,lncRNA_2012;2 21;771 792,-22.14,19,63.16%,78.95%,0.988424254334967,0.988424254334967,1,0.00149245687647892
220,ptuh-mir-novel-28,lncRNA_2569,lncRNA,lncRNA_2569;2 21;1258 1278,-28.27,19,68.42%,94.74%,0.961298934008182,0.961298934008182,1,0.00908617138296695
221,ptuh-mir-novel-28,lncRNA_2922,lncRNA,lncRNA_2922;2 18;1214 1236,-25.08,17,82.35%,94.12%,0.961298934008182,0.961298934008182,1,0.0090861713829669
222,ptuh-mir-novel-28,lncRNA_3648,lncRNA,lncRNA_3648;2 18;468 489,-21.85,16,75.00%,81.25%,0.961298934008182,0.961298934008182,1,0.00908617138296695
223,ptuh-mir-novel-28,lncRNA_5805,lncRNA,lncRNA_5805;2 15;49373 49394,-22.59,13,84.62%,84.62%,0.977689634448478,0.977689634448478,1,0.00398689815208868
224,ptuh-mir-novel-28,lncRNA_5805,lncRNA,lncRNA_5805;2 15;78141 78162,-22.59,13,84.62%,84.62%,0.977689634448478,0.977689634448478,1,0.00398689815208868
225,ptuh-mir-novel-28,lncRNA_5805,lncRNA,lncRNA_5805;2 21;51213 51235,-20.62,20,65.00%,80.00%,0.977689634448478,0.977689634448478,1,0.00398689815208868
226,ptuh-mir-novel-28,lncRNA_5805,lncRNA,lncRNA_5805;2 21;79864 79886,-20.62,20,65.00%,80.00%,0.977689634448478,0.977689634448478,1,0.00398689815208868
227,ptuh-mir-novel-14,lncRNA_4983,lncRNA,lncRNA_4983;2 20;559 584,-21.55,23,69.57%,73.91%,0.960383350766437,0.960383350766437,1,0.00940920044236646
228,ptuh-mir-novel-13,lncRNA_13549,lncRNA,lncRNA_13549;2 17;378 399,-24.18,15,73.33%,100.00%,0.986556619784261,0.986556619784261,1,0.00186732057317806
229,ptuh-mir-novel-13,lncRNA_14212,lncRNA,lncRNA_14212;2 19;8714 8738,-21.57,20,65.00%,85.00%,0.990674824223484,0.990674824223484,1,0.00107947101160674
230,ptuh-mir-novel-12,lncRNA_8006,lncRNA,lncRNA_8006;2 20;1541 1559,-28.16,18,83.33%,83.33%,0.980204817604144,0.980204817604144,1,0.00333333809120514
