"","Locus","Name","Chrom","Start","End","Length","Reads","DistinctSequences","FracTop","Strand","MajorRNA","MajorRNAReads","Short","Long","X21","X22","X23","X24","DicerCall","MIRNA","known_miRNAs","given_miRNA_name"
"1","ntLink_6:13351746-13351842","Cluster_1951","ntLink_6",13351746,13351842,97,14107,186,0,"-","UAAAAUGUCGGUUGCUUAAGCU",7452,653,7,468,12598,318,63,"22","Y","NA","apul-mir-novel-3"
"2","ntLink_6:4847443-4847535","Cluster_1826","ntLink_6",4847443,4847535,93,12648,343,0.001,"-","AUGAUCAUAGCACUUUCUUUGU",3018,1048,9,758,5669,4675,489,"22","Y","NA","apul-mir-novel-6"
"3","ntLink_6:5157537-5157626","Cluster_1832","ntLink_6",5157537,5157626,90,11203,216,0.998,"+","CAAUGUUUCGGCUUGUUCCCG",5366,3224,34,7253,334,344,14,"N","Y","ami-spi-miR-L-temp-14-5p_Acropora_millepora_Praher_et_al._2021_NA","apul-mir-novel-27"
"4","ntLink_6:7263486-7263580","Cluster_1862","ntLink_6",7263486,7263580,95,7470,224,0,"-","UUUCAAAUUAGGAAGGGAGGUGUU",3004,124,2136,131,115,826,4138,"N","Y","Adi-Mir-Novel-2_5p_Acropora_digitifera_Gajigan_&_Conaco_2017_nve-miR-2026-5p","apul-mir-novel-5"
"5","ptg000001l:20063072-20063168","Cluster_2859","ptg000001l",20063072,20063168,97,4553,186,1,"+","AAGAACACCCAAAAUAGCUGAGGA",982,329,144,1035,476,1435,1134,"23","Y","nve-miR-9425;Adi-Mir-9425_5p_Acropora_digitifera_Gajigan_&_Conaco_2017_nve-miR-9425;_nve-miR-9425;ami-nve-F-miR-9425-5p_Acropora_millepora_Praher_et_al._2021_NA;miR-9425_Nematostella_vectensis_Moran_et_al._2014_NA","apul-mir-9425"
"6","ptg000001l:5548841-5548934","Cluster_2463","ptg000001l",5548841,5548934,94,80076,322,0.003,"-","UCUCAGAUUACAGUAGUUAAGU",56403,1600,61,2455,70964,4578,418,"22","Y","NA","apul-mir-novel-13"
"7","ptg000002l:14046235-14046328","Cluster_3366","ptg000002l",14046235,14046328,94,4003,184,1,"+","UCUGGCAGUAUGUUAUUUUUCCAAU",802,229,1294,834,736,795,115,"N","Y","adi-miR-P-novel-2-3p_Acropora_digitifera__Praher_et_al._2021_NA","apul-mir-novel-28"
"8","ptg000002l:14046541-14046634","Cluster_3367","ptg000002l",14046541,14046634,94,5645,220,1,"+","UCUGGCAGUAUGUUAUUUUUCCC",1012,291,1076,1032,939,1507,800,"N","Y","adi-miR-P-novel-3-3p_Acropora_digitifera__Praher_et_al._2021_NA","apul-mir-novel-29"
"9","ptg000002l:7337508-7337601","Cluster_3250","ptg000002l",7337508,7337601,94,346,45,1,"+","UCAUAACAGUGAGGACCAUUCU",127,37,0,20,231,49,9,"22","Y","adi-miR-P-novel-7-3p_Acropora_digitifera__Praher_et_al._2021_NA","apul-mir-novel-21"
"10","ptg000004l:1859862-1859953","Cluster_3437","ptg000004l",1859862,1859953,92,10448,227,0,"-","UAGCAUAACAUUGUAAGAGAUCU",5104,475,296,99,1109,7865,604,"23","Y","Adi-Mir-2030_5p_Acropora_digitifera_Gajigan_&_Conaco_2017_nve-miR-2030-5p;_nve-miR-2030-5p;_spi-miR-temp-40;ami-nve-F-miR-2030-5p_Acropora_millepora_Praher_et_al._2021_NA;adi-nve-F-miR-2030_Acropora_digitifera__Praher_et_al._2021_NA;spi-mir-temp-40_Stylophora_pistillata_Liew_et_al._2014_Close_match_of_nve-miR-2030;eca-nve-F-miR-2030_Edwardsiella_carnea_Praher_et_al._2021_Transcriptome-level;miR-2030_Nematostella_vectensis_Moran_et_al._2014_NA","apul-mir-2030"
"11","ptg000007l:3377283-3377376","Cluster_4254","ptg000007l",3377283,3377376,94,332,37,1,"+","UUUGAUUGCUGUGAUCUGGUUA",143,22,0,80,167,59,4,"22","Y","apa-mir-2050_Exaiptasia_pallida_Baumgarten_et_al._2017_miR-2050;_Nve;_Spis;_Adi;Adi-Mir-2050_3p_Acropora_digitifera_Gajigan_&_Conaco_2017_nve-miR-2050-3p;_nve-miR-2050-3p;ami-nve-F-miR-2050-3p_Acropora_millepora_Praher_et_al._2021_NA;adi-nve-F-miR-2050_Acropora_digitifera__Praher_et_al._2021_NA","apul-mir-2050"
"12","ptg000007l:915905-916002","Cluster_4220","ptg000007l",915905,916002,98,414,39,0,"-","AAAGGAAGAAAGGAGACCCUGG",139,71,0,20,293,30,0,"22","Y","NA","apul-mir-novel-10"
"13","ptg000008l:10754767-10754862","Cluster_5012","ptg000008l",10754767,10754862,96,75971,546,0,"-","AAAGAAGUACAAGUGGUAGGG",18322,24349,10,33761,15714,1522,615,"N","Y","nve-miR-2023-3p;spi-mir-temp-4_Stylophora_pistillata_Liew_et_al._2014_Exact_match_of_nve-miR-2023.;apa-mir-2023_Exaiptasia_pallida_Baumgarten_et_al._2017_miR-2023;_Nve;_Spis;_Adi;mse-nve-F-miR-2023_Metridium_senile_Praher_et_al._2021_Transcriptome-level;sca-nve-miR-2023-3p_Scolanthus_callimorphus_Praher_et_al._2021_Transcriptome-level;Adi-Mir-2023_3p_Acropora_digitifera_Gajigan_&_Conaco_2017_nve-miR-2023-3p;_nve-miR-2023-3p;_spi-miR-temp-4;ami-nve-F-miR-2023-3p_Acropora_millepora_Praher_et_al._2021_NA;epa-nve-F-miR-2023_Exaiptasia_pallida_Praher_et_al._2021_NA;spi-nve-F-miR-2023_Stylophora_pistillata_Praher_et_al._2021_NA;miR-2023_Nematostella_vectensis_Moran_et_al._2014_NA;avi-miR-temp-2023_Anemonia_viridis_Urbarova_et_al._2018_NA;eca-nve-F-miR-2023_Edwardsiella_carnea_Praher_et_al._2021_Transcriptome-level","apul-mir-2023"
"14","ptg000009l:4940515-4940609","Cluster_5981","ptg000009l",4940515,4940609,95,11540,210,0,"-","CAAGUGAGAGAAGGUUAGUGUGG",5129,209,73,2546,285,7999,428,"23","Y","Adi-Mir-Novel-5_3p_Acropora_digitifera_Gajigan_&_Conaco_2017_NA;ami-Adi-MiR-G-Novel-5-3p_Acropora_millepora_Praher_et_al._2021_NA;Adi-MiR-G-Novel-5_3p_Acropora_digitifera__Praher_et_al._2021_NA","apul-mir-novel-9"
"15","ptg000009l:616285-616377","Cluster_5899","ptg000009l",616285,616377,93,2056,84,0,"-","AUUUCACUAGAUGAGCGCUAAC",1178,187,5,33,1452,377,2,"22","Y","NA","apul-mir-novel-30"
"16","ptg000009l:616579-616673","Cluster_5900","ptg000009l",616579,616673,95,80457,407,0,"-","UCUGCGUUAUCGGUGAAAUUGU",52366,2468,1367,2466,71781,2281,94,"22","Y","NA","apul-mir-novel-8a; apul-mir-novel-8b"
"17","ptg000016l:11751358-11751448","Cluster_10093","ptg000016l",11751358,11751448,91,25321,287,0,"-","AGUGCACUUUUCUCAGGAUGAA",9236,4881,7,5372,10326,4494,241,"22","Y","NA","apul-mir-novel-20"
"18","ptg000016l:7795508-7795602","Cluster_10051","ptg000016l",7795508,7795602,95,24796,199,1,"+","UGGGUGUCAUCUAUUAUGUUUU",18199,462,7,1053,21591,1646,37,"22","Y","NA","apul-mir-novel-15"
"19","ptg000016l:8599833-8599925","Cluster_10057","ptg000016l",8599833,8599925,93,24703,398,0,"-","UAAUGUUCGCAACUGCCUUGUU",5902,607,211,1680,11437,8547,2221,"22","Y","Adi-Mir-Novel-3_3p_Acropora_digitifera_Gajigan_&_Conaco_2017_nve-miR-2028-5p","apul-mir-2028"
"20","ptg000017l:6374963-6375054","Cluster_10207","ptg000017l",6374963,6375054,92,29473,383,0,"-","UAGGCGUAUUUCCGAUUGUCC",9407,3824,189,22149,2297,717,297,"21","Y","NA","apul-mir-novel-4"
"21","ptg000017l:7471118-7471210","Cluster_10228","ptg000017l",7471118,7471210,93,1843,89,1,"+","UUUGCUAGUUGCUUUUGUCCCGU",912,24,28,33,58,1485,215,"23","Y","spi-mir-temp-25_Stylophora_pistillata_Liew_et_al._2014_Considered_bona_fideas_close_match_to_nve-_and_hma-miR-2022.;Adi-Mir-2022_3p_Acropora_digitifera_Gajigan_&_Conaco_2017_nve-miR-2022-3p;_nve-miR-2022-3p;_spi-miR-temp-25;ami-nve-F-miR-2022-3p_Acropora_millepora_Praher_et_al._2021_NA;eca-nve-F-miR-2022_Edwardsiella_carnea_Praher_et_al._2021_Transcriptome-level","apul-mir-2022"
"22","ptg000018l:2286780-2286870","Cluster_10419","ptg000018l",2286780,2286870,91,2790,143,1,"+","UUCUUUGCACUGUUCAAACCCU",895,147,63,251,1457,279,593,"22","Y","NA","apul-mir-novel-14"
"23","ptg000023l:18708903-18708996","Cluster_14402","ptg000023l",18708903,18708996,94,926,90,1,"+","UUCGUCUCUUGUAUUUUCCUGG",256,69,2,105,549,185,16,"22","Y","NA","apul-mir-novel-22"
"24","ptg000023l:37965243-37965338","Cluster_14768","ptg000023l",37965243,37965338,96,11,5,1,"+","UCGGACACCUGUAAUUGGAUA",5,3,0,7,0,1,0,"N","Y","ami-miR-P-novel-10-3p_Acropora_millepora_Praher_et_al._2021_NA;ami-miR-P-novel-11-3p_Acropora_millepora_Praher_et_al._2021_NA","apul-mir-novel-26"
"25","ptg000024l:4086202-4086295","Cluster_15316","ptg000024l",4086202,4086295,94,15328,136,1,"+","AUUUUUAGCCCGCGGAAGUUGCU",7236,176,86,447,3022,11118,479,"23","Y","Adi-Mir-2025_3p_Acropora_digitifera_Gajigan_&_Conaco_2017_nve-miR-2025-3p;_nve-miR-2025-3p;ami-nve-F-miR-2025-3p_Acropora_millepora_Praher_et_al._2021_NA;adi-nve-F-miR-2025_Acropora_digitifera__Praher_et_al._2021_NA","apul-mir-2025"
"26","ptg000024l:5256454-5256549","Cluster_15340","ptg000024l",5256454,5256549,96,7544,271,0,"-","UACAUGUGCUGCACUGGAACUCU",2505,289,381,1410,796,4070,598,"23","Y","NA","apul-mir-novel-19"
"27","ptg000025l:10501030-10501125","Cluster_15851","ptg000025l",10501030,10501125,96,397,53,0.997,"+","AUUGAUGAGCACAACAAAAGGU",143,57,0,54,243,42,1,"22","Y","adi-miR-P-novel-4-3p_Acropora_digitifera__Praher_et_al._2021_NA","apul-mir-novel-11"
"28","ptg000025l:10668901-10668998","Cluster_15854","ptg000025l",10668901,10668998,98,232,25,0,"-","UAAAGCUUUUGUGAAGAAACACG",94,10,1,5,7,177,32,"23","Y","ami-miR-P-novel-17-3p_Acropora_millepora_Praher_et_al._2021_NA","apul-mir-novel-12"
"29","ptg000025l:15156415-15156507","Cluster_15928","ptg000025l",15156415,15156507,93,1415,87,1,"+","UUACCACAUUCAGGAUAGACAU",616,185,36,436,668,89,1,"22","Y","NA","apul-mir-novel-31"
"30","ptg000025l:1981692-1981783","Cluster_15671","ptg000025l",1981692,1981783,92,837,88,0.999,"+","UAUUGAUUAGUACUUGAUAGACA",315,98,10,31,189,482,27,"23","Y","NA","apul-mir-novel-32"
"31","ptg000025l:7472531-7472623","Cluster_15775","ptg000025l",7472531,7472623,93,45209,444,0,"-","UACAAAAACAAGAUGAGUGCAGG",21945,5021,267,4534,2938,31330,1119,"23","Y","ami-miR-P-novel-3-5p_Acropora_millepora_Praher_et_al._2021_NA","apul-mir-novel-33"
"32","ptg000026l:8745540-8745635","Cluster_16409","ptg000026l",8745540,8745635,96,2854,64,0,"-","UGUGAUUGGAGACUUUUAUCGU",1690,133,3,43,2337,336,2,"22","Y","spi-mir-temp-20_Stylophora_pistillata_Liew_et_al._2014_NA;apa-mir-2037_Exaiptasia_pallida_Baumgarten_et_al._2017_miR-2037;_Nve;_Spis;mse-nve-F-miR-2037-3p_Metridium_senile_Praher_et_al._2021_Transcriptome-level;sca-nve-F-miR-2037-3p_Scolanthus_callimorphus_Praher_et_al._2021_Transcriptome-level;ami-nve-F-miR-2037-3p_Acropora_millepora_Praher_et_al._2021_NA;spi-nve-F-miR-2037_Stylophora_pistillata_Praher_et_al._2021_NA;avi-miR-temp-2037_Anemonia_viridis_Urbarova_et_al._2018_NA;eca-nve-F-miR-2037_Edwardsiella_carnea_Praher_et_al._2021_Transcriptome-level","apul-mir-novel-34"
"33","ptg000031l:5461305-5461397","Cluster_17776","ptg000031l",5461305,5461397,93,149,28,0,"-","ACGCUAGGAAGGGAUGCCGGGA",84,7,0,13,110,18,1,"22","Y","NA","apul-mir-novel-7"
"34","ptg000031l:6751935-6752029","Cluster_17791","ptg000031l",6751935,6752029,95,249212,491,0,"-","UUAACGAGUAGAUAAAUGAAGAGU",149551,3846,1813,14249,11217,37270,180817,"24","Y","Adi-Mir-Novel-1_3p_Acropora_digitifera_Gajigan_&_Conaco_2017_nve-miR-9437;ami-miR-P-novel-1-3p_Acropora_millepora_Praher_et_al._2021_NA;adi-miR-P-novel-1-3p_Acropora_digitifera__Praher_et_al._2021_NA","apul-mir-novel-2"
"35","ptg000035l:4339550-4339641","Cluster_18711","ptg000035l",4339550,4339641,92,50361,407,0,"-","AUUGAUUGUAGACAAGCCUCUGA",12975,3270,3059,4025,3782,27285,8940,"23","Y","NA","apul-mir-novel-16"
"36","ptg000035l:4808338-4808432","Cluster_18723","ptg000035l",4808338,4808432,95,1270,101,1,"+","CUCACUGCUUAAAAGAGUCACU",502,134,7,46,733,321,29,"22","Y","NA","apul-mir-novel-17"
"37","ptg000035l:5346032-5346127","Cluster_18728","ptg000035l",5346032,5346127,96,1360205,589,1,"+","UCCCGUAGAUCCGAACUUGU",571297,758793,417,31482,556861,12194,458,"N","Y","Adi-Mir-100_5p_Acropora_digitifera_Gajigan_&_Conaco_2017_mir-100;_spi-miR-temp-1;ami-nve-F-miR-100-5p_Acropora_millepora_Praher_et_al._2021_NA;adi-nve-F-miR-100_Acropora_digitifera__Praher_et_al._2021_NA","apul-mir-100"
"38","ptg000035l:8367726-8367821","Cluster_18772","ptg000035l",8367726,8367821,96,1830,122,0,"-","UAUAUUGUACGACUCUCAUCGUGU",533,215,104,25,160,571,755,"24","Y","spi-mir-temp-30_Stylophora_pistillata_Liew_et_al._2014_Close_match_of_nve-miR-2036.;spi-nve-F-miR-2036_Stylophora_pistillata_Praher_et_al._2021_NA;Adi-Mir-2036_3p_Acropora_digitifera_Gajigan_&_Conaco_2017_nve-miR-2036-3p;_nve-miR-2036-3p;_spi-miR-temp-30;ami-nve-F-miR-2036-3p_Acropora_millepora_Praher_et_al._2021_NA;eca-nve-F-miR-2036_Edwardsiella_carnea_Praher_et_al._2021_Transcriptome-level","apul-mir-2036"
"39","ptg000039l:35764-35856","Cluster_19193","ptg000039l",35764,35856,93,579,64,0,"-","CAAGGAGGAAGCAUGAUACGUA",130,55,0,179,205,136,4,"22","Y","ami-miR-P-novel-13-3p_Acropora_millepora_Praher_et_al._2021_NA","apul-mir-novel-23"
